organisation,trials,country,main_site,sites
MD Anderson Cancer Center,51,United States,"Houston, Texas",87
Memorial Sloan Kettering,46,United States,"New York, New York",138
Sarah Cannon Research Institute,42,United States,"Nashville, Tennessee",57
Dana-Farber Cancer Institute,31,United States,"Boston, Massachusetts",45
Washington University / Siteman,31,United States,"St Louis, Missouri",72
City of Hope,26,United States,"Duarte, California",66
Henan Cancer Hospital,26,China,"Zhengzhou, Henan",27
Shanghai Chest Hospital,26,China,"Shanghai, Shanghai Municipality",26
Hunan Cancer Hospital,25,China,"Changsha, Hunan",26
Mass General Brigham,25,United States,"Boston, Massachusetts",27
Mayo Clinic,25,United States,"Rochester, Minnesota",54
NEXT Oncology,25,United States,"Fairfax, Virginia",32
Northwestern Medicine,25,United States,"Chicago, Illinois",107
UC San Diego Health,25,United States,"La Jolla, California",27
NYU Langone,24,United States,"New York, New York",33
Samsung Medical Center,24,South Korea,"Seoul, South Korea",24
Sun Yat,24,China,"Guangzhou, Guangdong",26
Hospital Universitario 12 de Octubre,23,Spain,"Madrid, Spain",23
Ohio State James,23,United States,"Columbus, Ohio",23
Cleveland Clinic,22,United States,"Cleveland, Ohio",44
Moffitt Cancer Center,22,United States,"Tampa, Florida",38
Yale Cancer Center,22,United States,"New Haven, Connecticut",108
National Cancer Center Hospital East,21,Japan,"Kashiwa, Chiba",21
Asan Medical Center,20,South Korea,"Seoul, South Korea",20
Shanghai Pulmonary Hospital,20,China,"Shanghai, Shanghai Municipality",20
Emory Winship,19,United States,"Atlanta, Georgia",40
Fujian Cancer Hospital,19,China,"Fuzhou, Fujian",19
Harbin Medical University Cancer Hospital,19,China,"Harbin, Heilongjiang",19
Montefiore Medical Center,19,United States,"The Bronx, New York",36
National Cancer Center,19,South Korea,"Goyang-si, Kyonggi-do",19
National Cheng Kung University Hospital,19,Taiwan,"Tainan, Taiwan",19
Severance Hospital,19,South Korea,"Seoul, South Korea",19
UCLA Health,19,United States,"Los Angeles, California",21
Beijing Cancer Hospital,18,China,"Beijing, Beijing Municipality",19
Huntsman Cancer Institute,18,United States,"Salt Lake City, Utah",18
University of Michigan Rogel,18,United States,"Ann Arbor, Michigan",28
Hubei Cancer Hospital,17,China,"Wuhan, Hubei",17
University of Colorado,17,United States,"Aurora, Colorado",20
Virginia Cancer Specialists,17,United States,"Fairfax, Virginia",18
Zhejiang Cancer Hospital,17,China,"Hangzhou, Zhejiang",17
Hospital Universitari Vall d'Hebron,16,Spain,"Barcelona, Spain",16
National Taiwan University Hospital,16,Taiwan,"Taipei, Taiwan",20
Providence Portland Medical Center,16,United States,"Portland, Oregon",16
Seoul National University Bundang Hospital,16,South Korea,"Seongnam, Kyǒnggi-do",16
The First Affiliated Hospital of Nanchang University,16,China,"Nanchang, Jiangxi",16
Chungbuk National University Hospital,15,South Korea,"Cheongju-si, North Chungcheong",15
Fudan University Shanghai Cancer Center,15,China,"Shanghai, Shanghai Municipality",15
NEXT Virginia,15,United States,"Fairfax, Virginia",16
National Cancer Center Hospital,15,Japan,"Chuo-ku, Tokyo",15
The University of Kansas Cancer Center,15,United States,"Olathe, Kansas",20
West China Hospital,15,China,"Chengdu, Sichuan",15
Florida Cancer Specialists,14,United States,"Orlando, Florida",51
Kansai Medical University Hospital,14,Japan,"Hirakata, Osaka",14
Penn Medicine / Abramson,14,United States,"Philadelphia, Pennsylvania",14
Shandong Cancer Hospital,14,China,"Jinan, Shandong",14
Taipei Veterans General Hospital,14,Taiwan,"Taipei, Taiwan",14
UC Davis Health,14,United States,"Sacramento, California",15
University of Texas (other),14,United States,"Dallas, Texas",17
Beijing Chest Hospital,13,China,"Beijing, Beijing Municipality",13
Chongqing University Cancer Hospital,13,China,"Chongqing, Chongqing Municipality",13
Decatur Memorial Hospital,13,United States,"Decatur, Illinois",13
Fondazione IRCCS Istituto Nazionale dei Tumori,13,Italy,"Milan, Italy",13
Fred Hutchinson Cancer Center,13,United States,"Seattle, Washington",13
Guangdong Provincial People's Hospital,13,China,"Guangzhou, Guangdong",13
Institut Gustave Roussy,13,France,"Villejuif, France",13
Medical University of South Carolina,13,United States,"Charleston, South Carolina",13
Mount Sinai,13,United States,"New York, New York",26
START Mountain Region,13,United States,"West Valley City, Utah",13
Shanghai East Hospital,13,China,"Shanghai, Shanghai Municipality",13
Sheba Medical Center,13,Israel,"Ramat Gan, Israel",13
Springfield Clinic,13,United States,"Springfield, Illinois",13
Taizhou Hospital of Zhejiang Province,13,China,"Taizhou, Zhejiang",13
Tennessee Oncology,13,United States,"Nashville, Tennessee",56
The Christie NHS Foundation Trust,13,United Kingdom,"Manchester, United Kingdom",13
University of Chicago,13,United States,"Chicago, Illinois",19
Vanderbilt-Ingram,13,United States,"Nashville, Tennessee",14
Azienda Ospedaliero,12,Italy,"Orbassano, Piedmont",15
Bozeman Health Deaconess Hospital,12,United States,"Bozeman, Montana",14
Cancer Care Center of O'Fallon,12,United States,"O'Fallon, Illinois",12
Cancer Care Specialists of Illinois,12,United States,"Decatur, Illinois",12
Community Medical Center,12,United States,"Missoula, Montana",17
Gustave Roussy,12,France,"Villejuif, France",12
Illinois CancerCare,12,United States,"Bloomington, Illinois",149
Institut Català d'Oncologia,12,Spain,"L'Hospitalet de Llobregat, Barcelona",12
Institut Curie,12,France,"Paris, France",12
Saint Francis Medical Center,12,United States,"Cape Girardeau, Missouri",12
Sanford USD Medical Center,12,United States,"Sioux Falls, South Dakota",12
Seoul National University Hospital,12,South Korea,"Seoul, South Korea",12
Swedish Medical Center,12,United States,"Seattle, Washington",20
The Second Affiliated Hospital of Nanchang University,12,China,"Nanchang, Jiangxi",12
Trinity Health IHA Medical Group Hematology Oncology,12,United States,"Brighton, Michigan",33
Trinity Health IHA Medical Group Hematology Oncology Ann Arbor Campus,12,United States,"Ypsilanti, Michigan",12
Trinity Health Saint Mary Mercy Livonia Hospital,12,United States,"Livonia, Michigan",12
University of Kansas Cancer Center,12,United States,"Kansas City, Missouri",51
University of Oklahoma Health Sciences Center,12,United States,"Oklahoma City, Oklahoma",12
Benefis Sletten Cancer Institute,11,United States,"Great Falls, Montana",11
Cedars,11,United States,"Los Angeles, California",18
Crossroads Cancer Center,11,United States,"Effingham, Illinois",11
Fondazione Policlinico Universitario Agostino Gemelli IRCCS,11,Italy,"Roma, Italy",11
Gundersen Lutheran Medical Center,11,United States,"La Crosse, Wisconsin",11
Hackensack Meridian,11,United States,"Hackensack, New Jersey",12
Johns Hopkins,11,United States,"Baltimore, Maryland",11
McGill University Health Centre,11,Canada,"Montreal, Quebec",11
Mercy Hospital South,11,United States,"St Louis, Missouri",11
National Taiwan University Cancer Center,11,Taiwan,"Taipei, Taiwan",11
OHSU Knight,11,United States,"Portland, Oregon",19
Research Site,11,United States,"Seoul, South Korea",1147
Sanford Broadway Medical Center,11,United States,"Fargo, North Dakota",11
Sanford Cancer Center Oncology Clinic,11,United States,"Sioux Falls, South Dakota",11
Sanford Roger Maris Cancer Center,11,United States,"Fargo, North Dakota",11
Sendai Kousei Hospital,11,Japan,"Sendai, Miyagi",11
Southern Illinois University School of Medicine,11,United States,"Springfield, Illinois",11
Springfield Memorial Hospital,11,United States,"Springfield, Illinois",11
Swedish Cancer Institute,11,United States,"Edmonds, Washington",19
Taichung Veterans General Hospital,11,Taiwan,"Taichung, Taiwan",11
Texas Oncology,11,United States,"Dallas, Texas",85
The First Affiliated Hospital of Xi'an Jiaotong University,11,China,"Xi'an, Shaanxi",11
UC Irvine Health,11,United States,"Orange, California",11
University General Hospital of Larissa,11,Greece,"Larissa, Thessalía",11
University Hospitals Cleveland Medical Center,11,United States,"Cleveland, Ohio",11
University of Rochester,11,United States,"Rochester, New York",12
Uniwersyteckie Centrum Kliniczne,11,Poland,"Gdansk, Pomeranian Voivodeship",11
Baptist Cancer Center,10,United States,"Grenada, Mississippi",10
Baptist Memorial Hospital and Cancer Center,10,United States,"Southhaven, Mississippi",54
Beijing Cancer hospital,10,China,"Beijing, Beijing Municipality",11
Billings Clinic Cancer Center,10,United States,"Billings, Montana",10
Carle Cancer Center,10,United States,"Urbana, Illinois",10
Carle Physician Group,10,United States,"Effingham, Illinois",20
Carle at The Riverfront,10,United States,"Danville, Illinois",10
Columbia / NY-Presbyterian,10,United States,"New York, New York",11
Duke Cancer Institute,10,United States,"Durham, North Carolina",16
Duluth Clinic Ashland,10,United States,"Ashland, Wisconsin",10
Edwards Comprehensive Cancer Center,10,United States,"Huntington, West Virginia",10
Essentia Health,10,United States,"Deer River, Minnesota",30
Essentia Health Cancer Center,10,United States,"Duluth, Minnesota",14
Essentia Health Hibbing Clinic,10,United States,"Hibbing, Minnesota",10
Essentia Health Sandstone,10,United States,"Sandstone, Minnesota",10
Essentia Health Virginia Clinic,10,United States,"Virginia, Minnesota",10
FALP,10,Chile,"Santiago, Region M. de Santiago",11
Henry Ford Hospital,10,United States,"Detroit, Michigan",10
Hospital Universitario Virgen Macarena,10,Spain,"Seville, Spain",10
Kaohsiung Medical University Chung,10,Taiwan,"Kaohsiung City, Taiwan",10
Kootenai Clinic Cancer Services,10,United States,"Post Falls, Idaho",20
Kootenai Health,10,United States,"Coeur d'Alene, Idaho",10
LinYi Cancer Hospital,10,China,"Linyi, Shandong",10
Marshfield Medical Center,10,United States,"Stevens Point, Wisconsin",52
Memorial Hospital East,10,United States,"Shiloh, Illinois",10
NEA Baptist Memorial Hospital and Fowler Family Cancer Center,10,United States,"Jonesboro, Arkansas",10
Nebraska Cancer Specialists,10,United States,"Omaha, Nebraska",15
Rambam Health Care Campus,10,Israel,"Haifa, Israel",10
Renown Regional Medical Center,10,United States,"Reno, Nevada",10
START Midwest,10,United States,"Grand Rapids, Michigan",10
Sanford Bismarck Medical Center,10,United States,"Bismarck, North Dakota",10
Sanford Joe Lueken Cancer Center,10,United States,"Bemidji, Minnesota",10
Shaare Zedek Medical Center,10,Israel,"Jerusalem, Israel",10
Shizuoka Cancer Center,10,Japan,"Nagaizumi-chō, Japan",10
Stanford Medicine,10,United States,"Stanford, California",10
The First Affiliated Hospital,10,China,"Hangzhou, Zhejiang",11
The First Affiliated Hospital of Wenzhou Medical University,10,China,"Wenzhou, Zhejiang",10
The Royal Marsden NHS Foundation Trust,10,United Kingdom,"London, United Kingdom",11
Trinity Health Saint Joseph Mercy Oakland Hospital,10,United States,"Pontiac, Michigan",10
UCSF,10,United States,"San Francisco, California",12
UMass Memorial Medical Center,10,United States,"Worcester, Massachusetts",10
UPMC Hillman Cancer Center,10,United States,"Pittsburgh, Pennsylvania",23
UT Southwestern,10,United States,"Dallas, Texas",25
Adana Medical Park Seyhan Hastanesi,9,Turkey (Türkiye),"Adana, Turkey (Türkiye)",9
Ankara Bilkent Şehir Hastanesi,9,Turkey (Türkiye),"Ankara, Turkey (Türkiye)",9
Atrium Medical Center,9,United States,"Franklin, Ohio",9
Aultman Health Foundation,9,United States,"Canton, Ohio",9
Azienda Ospedaliera Universitaria Careggi,9,Italy,"Florence, Italy",9
Beth Israel,9,United States,"Boston, Massachusetts",11
Bradfordhill,9,Chile,"Santiago, Region M. de Santiago",9
Cancer Hematology Centers,9,United States,"Flint, Michigan",9
Community Hospital of Anaconda,9,United States,"Anaconda, Montana",9
FirstHealth of the Carolinas,9,United States,"Pinehurst, North Carolina",9
Fundação Pio XII,9,Brazil,"Barretos, São Paulo",9
Genesee Hematology Oncology PC,9,United States,"Flint, Michigan",9
Genesys Hurley Cancer Institute,9,United States,"Flint, Michigan",9
Hacettepe Universite Hastaneleri,9,Turkey (Türkiye),"Ankara, Turkey (Türkiye)",9
Hadassah Medical Center,9,Israel,"Jerusalem, Jerusalem",9
Highlands Oncology Group,9,United States,"Springdale, Arkansas",22
Hospital Clinic de Barcelona,9,Spain,"Barcelona, Spain",9
Jilin Cancer Hospital,9,China,"Changchun, Jilin",9
Kaiser Permanente,9,United States,"San Francisco, California",192
Kindai University Hospital,9,Japan,"Sakai, Osaka",9
Lawrence Memorial Hospital,9,United States,"Lawrence, Kansas",9
Logan Health Medical Center,9,United States,"Kalispell, Montana",9
Loyola University Medical Center,9,United States,"Maywood, Illinois",9
Mary Greeley Medical Center,9,United States,"Ames, Iowa",9
McFarland Clinic,9,United States,"Ames, Iowa",35
Mercy Hospital,9,United States,"Coon Rapids, Minnesota",12
Mercy Medical Center,9,United States,"Des Moines, Iowa",18
Miami Valley Cancer Care and Infusion,9,United States,"Greenville, Ohio",9
Miami Valley Hospital,9,United States,"Dayton, Ohio",9
Miami Valley Hospital North,9,United States,"Dayton, Ohio",9
Miami Valley Hospital South,9,United States,"Centerville, Ohio",9
Narodowy Instytut Onkologii im. Marii Sklodowskiej,9,Poland,"Warsaw, Masovian Voivodeship",10
Peter MacCallum Cancer Centre,9,Australia,"Melbourne, Victoria",9
Princess Margaret Cancer Centre,9,Canada,"Toronto, Ontario",9
Providence Medical Foundation,9,United States,"Santa Rosa, California",10
Providence Saint Vincent Medical Center,9,United States,"Portland, Oregon",9
Rocky Mountain Cancer Centers,9,United States,"Denver, Colorado",42
Roswell Park,9,United States,"Buffalo, New York",9
Saint Alphonsus Cancer Care Center,9,United States,"Nampa, Idaho",37
Salina Regional Health Center,9,United States,"Salina, Kansas",9
Shanxi Cancer Hospital,9,China,"Taiyuan, Shanxi",9
Sichuan Cancer hospital,9,China,"Chengdu, Sichuan",9
TC Saglik Bakanligi Goztepe Prof. Dr. Suleyman Yalcin Sehir Hastanesi,9,Turkey (Türkiye),"Istanbul, Turkey (Türkiye)",9
Taipei Medical University Hospital,9,Taiwan,"Taipei, Taiwan",9
The First Affiliated Hospital of Guangzhou Medical University,9,China,"Guangzhou, Guangdong",9
Trinity Health Saint Joseph Mercy Hospital Ann Arbor,9,United States,"Ann Arbor, Michigan",9
UAB O'Neal,9,United States,"Birmingham, Alabama",16
UI Health Care Mission Cancer and Blood,9,United States,"Des Moines, Iowa",45
UW Carbone,9,United States,"Madison, Wisconsin",19
University of Kansas Health System Saint Francis Campus,9,United States,"Topeka, Kansas",9
University of Kentucky,9,United States,"Lexington, Kentucky",9
Upper Valley Medical Center,9,United States,"Troy, Ohio",9
Adams Cancer Center,8,United States,"Gettysburg, Pennsylvania",8
Anhui Provincial Cancer Hospital,8,China,"Hefei, Anhui",8
Chris O'Brien Lifehouse,8,Australia,"Camperdown, New South Wales",8
Cross Cancer Institute,8,Canada,"Edmonton, Alberta",8
Ephrata Cancer Center,8,United States,"Ephrata, Pennsylvania",8
Errikos Dunant Hospital Center,8,Greece,"Athens, Attica",8
European Interbalkan Medical Center,8,Greece,"Thessaloniki, Greece",8
Hawaii Cancer Care,8,United States,"‘Aiea, Hawaii",8
Hawaii Cancer Care Inc,8,United States,"Honolulu, Hawaii",10
HaysMed,8,United States,"Hays, Kansas",8
Henry Ford Cancer Institute,8,United States,"Brownstown, Michigan",8
Holy Cross Hospital,8,United States,"Fort Lauderdale, Florida",9
Hospital General Universitario Gregorio Marañon,8,Spain,"Madrid, Spain",8
IRCCS,8,Italy,"Meldola, Emilia-Romagna",8
Iowa Methodist Medical Center,8,United States,"Des Moines, Iowa",8
Jessa Ziekenhuis,8,Belgium,"Hasselt, Limburg",9
Kanagawa Cancer Center,8,Japan,"Yokohama, Kanagawa",8
Kurume University Hospital,8,Japan,"Kurume, Fukuoka",8
Mercy Health,8,United States,"Toledo, Ohio",17
National Hospital Organization Kyushu Cancer Center,8,Japan,"Fukuoka, Japan",8
Ospedale San Raffaele,8,Italy,"Milan, Italy",8
Parkland Health Center,8,United States,"Farmington, Missouri",9
Providence Newberg Medical Center,8,United States,"Newberg, Oregon",8
Queen's Cancer Cenrer,8,United States,"Honolulu, Hawaii",8
Queen's Cancer Center,8,United States,"Honolulu, Hawaii",11
Queen's Medical Center,8,United States,"Honolulu, Hawaii",8
Rabin Medical Center,8,Israel,"Petah Tikva, Central District",8
Regions Hospital,8,United States,"Saint Paul, Minnesota",8
Saint Luke's Cancer Institute,8,United States,"Boise, Idaho",29
Sechler Family Cancer Center,8,United States,"Lebanon, Pennsylvania",8
Sichuan Cancer Hospital,8,China,"Chengdu, Sichuan",8
Sir Run Run Shaw Hospital of Zhejiang University School of Medicine,8,China,"Hangzhou, Zhejiang",8
Sourasky Medical Center,8,Israel,"Tel Aviv, TELL ABĪB",8
The First Affiliated Hospital of Xiamen University,8,China,"Xiamen, Fujian",8
The First Hospital of Jilin University,8,China,"Changchun, Jilin",8
The first Affiliated Hospital,8,China,"Hangzhou, Zhejiang",8
Thomas Jefferson University Hospital,8,United States,"Philadelphia, Pennsylvania",8
Tianjin Medical University Cancer Institute and Hospital,8,China,"Tianjin, Tianjin Municipality",8
Tri,8,Taiwan,"Taipei, Taiwan",8
UCHealth Memorial Hospital Central,8,United States,"Colorado Springs, Colorado",8
University Health Truman Medical Center,8,United States,"Kansas City, Missouri",8
University of Arkansas for Medical Sciences,8,United States,"Little Rock, Arkansas",8
University of Kansas Hospital,8,United States,"Westwood, Kansas",14
University of New Mexico Cancer Center,8,United States,"Albuquerque, New Mexico",8
University of Virginia Cancer Center,8,United States,"Charlottesville, Virginia",8
WellSpan Health,8,United States,"York, Pennsylvania",14
AMG Crystal Lake,7,United States,"Crystal Lake, Illinois",7
AMG Libertyville,7,United States,"Libertyville, Illinois",7
Advocate Christ Medical Center,7,United States,"Oak Lawn, Illinois",7
Advocate Good Samaritan Hospital,7,United States,"Downers Grove, Illinois",7
Advocate Good Shepherd Hospital,7,United States,"Barrington, Illinois",7
Advocate Illinois Masonic Medical Center,7,United States,"Chicago, Illinois",7
Advocate Lutheran General Hospital,7,United States,"Park Ridge, Illinois",7
Advocate Sherman Hospital,7,United States,"Elgin, Illinois",7
Advocate South Suburban Hospital,7,United States,"Hazel Crest, Illinois",7
Aspirus Cancer Care,7,United States,"Rhinelander, Wisconsin",27
Aurora Bay Area Medical Group,7,United States,"Marinette, Wisconsin",7
Aurora BayCare Medical Center,7,United States,"Green Bay, Wisconsin",7
Aurora Cancer Care,7,United States,"Burlington, Wisconsin",42
Aurora Health Care Germantown Health Center,7,United States,"Germantown, Wisconsin",7
Aurora Medical Center in Summit,7,United States,"Summit, Wisconsin",7
Aurora Saint Luke's Medical Center,7,United States,"Milwaukee, Wisconsin",7
Aurora Sinai Medical Center,7,United States,"Milwaukee, Wisconsin",7
Aurora West Allis Medical Center,7,United States,"West Allis, Wisconsin",7
Bacs,7,Hungary,"Kecskemét, Bács-Kiskun county",7
Cancer Care and Hematology,7,United States,"Fort Collins, Colorado",7
Cancer Hospital Chinese Academy of Medical Sciences,7,China,"Beijing, Beijing Municipality",7
Centre Leon Berard,7,France,"Lyon, France",7
Changhua Christian Hospital,7,Taiwan,"Changhua, Taiwan",7
Chelsea Hospital,7,United States,"Chelsea, Michigan",7
Condell Memorial Hospital,7,United States,"Libertyville, Illinois",7
Fairview Southdale Hospital,7,United States,"Edina, Minnesota",7
Fakultni nemocnice Olomouc,7,Czechia,"Olomouc, Czechia",7
Geisinger Medical Center,7,United States,"Danville, Pennsylvania",8
Geisinger Medical Oncology,7,United States,"Lewisburg, Pennsylvania",8
Geisinger Wyoming Valley,7,United States,"Wilkes-Barre, Pennsylvania",7
HSHS Saint Elizabeth's Hospital,7,United States,"O'Fallon, Illinois",7
Helen F Graham Cancer Center,7,United States,"Newark, Delaware",7
Hospital Universitario Fundación Jiménez Díaz,7,Spain,"Madrid, Spain",7
Hurley Medical Center,7,United States,"Flint, Michigan",7
Jinan Central Hospital,7,China,"Jinan, Shandong",7
Kaiser Permanente Downtown Commons,7,United States,"Sacramento, California",7
Kaiser Permanente Medical Center,7,United States,"Santa Clara, California",10
Kaiser Permanente Moanalua Medical Center,7,United States,"Honolulu, Hawaii",7
Kaiser Permanente San Leandro,7,United States,"San Leandro, California",7
Kaiser San Rafael,7,United States,"San Rafael, California",7
Klinik Floridsdorf,7,Austria,"Vienna, Austria",7
Korea University Guro Hospital,7,South Korea,"Seoul, South Korea",7
Krankenhaus Martha,7,Germany,"Halle, Saxony-Anhalt",7
Lafayette Family Cancer Center,7,United States,"Brewer, Maine",7
LungenClinic Grosshansdorf,7,Germany,"Großhansdorf, Schleswig-Holstein",7
Medical Center of the Rockies,7,United States,"Loveland, Colorado",7
Medical College of Wisconsin,7,United States,"Milwaukee, Wisconsin",7
Medical Oncology Hematology Consultants PA,7,United States,"Newark, Delaware",7
Memorial Ankara Hastanesi,7,Turkey (Türkiye),"Ankara, Turkey (Türkiye)",7
Memorial Hospital North,7,United States,"Colorado Springs, Colorado",7
Metropolitan Hospital,7,Greece,"Piraeus, Attica",8
Mills Health Center,7,United States,"San Mateo, California",7
Minnesota Oncology Hematology PA,7,United States,"Maplewood, Minnesota",14
Missouri Baptist Medical Center,7,United States,"St Louis, Missouri",7
Missouri Baptist Sullivan Hospital,7,United States,"Sullivan, Missouri",7
MyMichigan Medical Center Saginaw,7,United States,"Saginaw, Michigan",7
MyMichigan Medical Center Tawas,7,United States,"Tawas City, Michigan",7
Park Nicollet Clinic,7,United States,"Saint Louis Park, Minnesota",7
Poudre Valley Hospital,7,United States,"Fort Collins, Colorado",7
Premier Blood and Cancer Center,7,United States,"Dayton, Ohio",7
Princess Alexandra Hospital,7,Australia,"Woolloongabba, Queensland",7
ProMedica Flower Hospital,7,United States,"Sylvania, Ohio",7
Providence Willamette Falls Medical Center,7,United States,"Oregon City, Oregon",7
Royal Marsden Hospital,7,United Kingdom,"London, United Kingdom",10
Sainte Genevieve County Memorial Hospital,7,United States,"Sainte Genevieve, Missouri",7
St. Marianna University Hospital,7,Japan,"Kawasaki, Kanagawa",7
Stamford Hospital,7,United States,"Stamford, Connecticut",7
"THORACIC GENERAL HOSPITAL OF ATHENS ""I SOTIRIA""",7,Greece,"Athens, Attica",7
The Catholic University Of Korea St. Vincent's Hospital,7,South Korea,"Suwon, Kyonggi-do",7
The First Affiliated Hospital of Xinxiang Medical University,7,China,"Xinxiang, Henan",7
Trinity Health Medical Center,7,United States,"Brighton, Michigan",13
UCHealth Greeley Hospital,7,United States,"Greeley, Colorado",7
UPMC,7,United States,"Pittsburgh, Pennsylvania",28
Union Hospital,7,China,"Wuhan, Hubei",7
United Hospital,7,United States,"Saint Paul, Minnesota",7
University Medical Center Groningen,7,Netherlands,"Groningen, Netherlands",7
University of Iowa,7,United States,"Iowa City, Iowa",7
VCU Massey Comprehensive Cancer Center,7,United States,"Richmond, Virginia",7
Vince Lombardi Cancer Clinic,7,United States,"Oshkosh, Wisconsin",20
WellSpan Medical Oncology and Hematology,7,United States,"Chambersburg, Pennsylvania",10
Westmead Hospital,7,Australia,"Westmead, New South Wales",7
Wielkopolskie Centrum Pulmonologii i Torakochirurgii,7,Poland,"Poznan, Greater Poland Voivodeship",7
Wojewodzki Szpital im. Sw. Ojca Pio w Przemyslu,7,Poland,"Przemyśl, Podkarpackie Voivodeship",7
Yunnan Province Cancer Hospital,7,China,"Kunming, Yunnan",7
Addison Gilbert Hospital,6,United States,"Gloucester, Massachusetts",6
Affiliated Hospital of Hebei University,6,China,"Baoding, China",6
Ajou University Hospital,6,South Korea,"Suwon, Kyonggi-do",6
Anhui Provincial Hospital,6,China,"Hefei, Anhui",6
Antwerp University Hospital,6,Belgium,"Edegem, Antwerpen",6
Aurora Saint Luke's South Shore,6,United States,"Cudahy, Wisconsin",6
Beebe Health Campus,6,United States,"Rehoboth Beach, Delaware",6
Beebe South Coastal Health Campus,6,United States,"Millville, Delaware",6
Beijing Peking Union Medical College Hospital,6,China,"Beijing, Beijing Municipality",6
Beverly Hospital,6,United States,"Beverly, Massachusetts",6
Bronson Methodist Hospital,6,United States,"Kalamazoo, Michigan",6
California Pacific Medical Center,6,United States,"San Francisco, California",6
Cancer Care Associates of York,6,United States,"York, Pennsylvania",6
Cancer Centers of Southwest Oklahoma Research,6,United States,"Lawton, Oklahoma",6
Cancer Partners of Nebraska,6,United States,"Lincoln, Nebraska",6
Cancer and Hematology Centers of Western Michigan,6,United States,"Norton Shores, Michigan",6
Centralia Oncology Clinic,6,United States,"Centralia, Illinois",6
Complex Oncology Center,6,Bulgaria,"Rousse, Bulgaria",6
Dartmouth Hitchcock Medical Center,6,United States,"Lebanon, New Hampshire",6
Delaware Health Center,6,United States,"Delaware, Ohio",6
Durham VA Medical Center,6,United States,"Durham, North Carolina",6
Ege Universitesi Hastanesi,6,Turkey (Türkiye),"Bornova, İzmir",6
Eisenhower Medical Center,6,United States,"Rancho Mirage, California",6
Essentia Health Saint Joseph's Medical Center,6,United States,"Brainerd, Minnesota",6
Evangelische Lungenklinik Berlin,6,Germany,"Berlin, Germany",6
Fox Chase Cancer Center,6,United States,"Philadelphia, Pennsylvania",8
Fujian Medical University Union Hospital,6,China,"Fuzhou, Fujian",6
Fundação Faculdade Regional de Medicina de São José do Rio Preto,6,Brazil,"São José do Rio Preto, São Paulo",6
Geisinger Cancer Center Dickson City,6,United States,"Dickson City, Pennsylvania",6
Grady Memorial Hospital,6,United States,"Delaware, Ohio",6
Grant Medical Center,6,United States,"Columbus, Ohio",6
Guangxi Medical University Affiliated Tumor Hospital,6,China,"Nanning, Guangxi",6
Gunma Prefectural Cancer Center,6,Japan,"Ōta, Gunma",6
Henry Ford Medical Center,6,United States,"Novi, Michigan",11
Henry Ford West Bloomfield Hospital,6,United States,"West Bloomfield, Michigan",6
Hirosaki University Hospital,6,Japan,"Hirosaki, Aomori",6
Hopitaux Universitaires Paris Centre,6,France,"Paris, France",6
Hospital Clinico San Carlos,6,Spain,"Madrid, Spain",6
Hospital Clinico Universitario de Valencia,6,Spain,"Valencia, Spain",6
Hospital Italiano de Buenos Aires,6,Argentina,"Ciudad Autonoma de Buenos Aires, Buenos Aires",6
Hospital de la Santa Creu i Sant Pau,6,Spain,"Barcelona, Catalunya [cataluña]",7
Indiana University,6,United States,"Indianapolis, Indiana",6
Institut de Cancérologie de l'Ouest,6,France,"Angers, Maine-et-Loire",6
Instituto Nacional de Câncer,6,Brazil,"Rio de Janeiro, Brazil",6
Institutul Regional de Oncologie,6,Romania,"Iași, Romania",6
Istituto Nazionale Tumori IRCCS Fondazione Pascale,6,Italy,"Naples, Italy",6
Istituto Nazionale Tumori Regina Elena,6,Italy,"Rome, Roma",6
Jiangsu Province Hospital,6,China,"Nanjing, Jiangsu",6
Kaiser Permanente Fresno Orchard Plaza,6,United States,"Fresno, California",6
Kaiser Permanente Los Angeles Medical Center,6,United States,"Los Angeles, California",6
Kettering Medical Center,6,United States,"Kettering, Ohio",6
Lankenau Medical Center,6,United States,"Wynnewood, Pennsylvania",6
Lewis Cancer and Research Pavilion at Saint Joseph's,6,United States,"Savannah, Georgia",6
Liga Norte Riograndense Contra o Câncer,6,Brazil,"Natal, Rio Grande do Norte",6
Linyi Cancer Hospital,6,China,"Linyi, Shangdong",6
MaineHealth Cancer Care Center of York County,6,United States,"Sanford, Maine",6
MaineHealth Cancer Care and IV Therapy,6,United States,"South Portland, Maine",11
MaineHealth Maine Medical Center,6,United States,"Scarborough, Maine",11
Meir Medical Center,6,Israel,"Kfar Saba, Israel",6
Memorial Hospital West,6,United States,"Pembroke Pines, Florida",6
Memorial Medical Center,6,United States,"Modesto, California",8
Mercy Cancer Center,6,United States,"Clive, Iowa",16
Mercy Hospital Saint Louis,6,United States,"St Louis, Missouri",6
Mercy Hospital Springfield,6,United States,"Springfield, Missouri",6
Mid Florida Hematology and Oncology Center,6,United States,"Orange City, Florida",6
Munson Medical Center,6,United States,"Traverse City, Michigan",6
Nagoya University Hospital,6,Japan,"Nagoya, Aichi-ken",6
New Hampshire Oncology Hematology PA,6,United States,"Concord, New Hampshire",6
Nippon Medical School Hospital,6,Japan,"Bunkyo-ku, Tokyo",6
Northeast Georgia Medical Center,6,United States,"Gainesville, Georgia",6
Northwell Health,6,United States,"Lake Success, New York",6
Northwest Cancer Center,6,United States,"Crown Point, Indiana",18
Northwest Oncology LLC,6,United States,"Dyer, Indiana",6
Oncology Hematology Associates of Saginaw Valley PC,6,United States,"Saginaw, Michigan",6
Osaka International Cancer Institute,6,Japan,"Osaka, Japan",6
Palo Alto Medical Foundation,6,United States,"Fremont, California",21
Palo Alto Medical Foundation Health Care,6,United States,"Palo Alto, California",6
Peking Union Medical College Hospital,6,China,"Beijing, Beijing Municipality",6
ProHealth D N Greenwald Center,6,United States,"Mukwonago, Wisconsin",6
ProHealth Oconomowoc Memorial Hospital,6,United States,"Oconomowoc, Wisconsin",6
Riverside Methodist Hospital,6,United States,"Columbus, Ohio",6
Royal Free Hospital,6,United Kingdom,"London, United Kingdom",6
SC Radiotherapy Center Cluj SRL,6,Romania,"Florești, Cluj",6
SRH Wald,6,Germany,"Gera, Thuringia",6
Saint Francis Cancer Center,6,United States,"Greenville, South Carolina",6
Saint Mary Medical Center,6,United States,"Hobart, Indiana",6
Saint Mary's Oncology,6,United States,"West Branch, Michigan",9
Saint Vincent Hospital Cancer Center Green Bay,6,United States,"Green Bay, Wisconsin",6
Saint Vincent Hospital Cancer Center at Sturgeon Bay,6,United States,"Sturgeon Bay, Wisconsin",6
Saitama Medical University International Medical Center,6,Japan,"Hidaka, Saitama",6
Solinsky Center for Cancer Care,6,United States,"Manchester, New Hampshire",6
South Texas Accelerated Research Therapeutics,6,United States,"San Antonio, Texas",9
State University of New York Upstate Medical University,6,United States,"Syracuse, New York",6
Stony Brook University Medical Center,6,United States,"Stony Brook, New York",6
Sutter Medical Center Sacramento,6,United States,"Sacramento, California",6
Sutter Pacific Medical Foundation,6,United States,"Santa Rosa, California",6
Sutter Roseville Medical Center,6,United States,"Roseville, California",6
Sutter Solano Medical Center,6,United States,"Vallejo, California",6
The Catholic University of Korea,6,South Korea,"Seoul, South Korea",7
The Community Hospital,6,United States,"Munster, Indiana",6
The Don and Sybil Harrington Cancer Center,6,United States,"Amarillo, Texas",6
The First Affiliated Hospital of Soochow University,6,China,"Suzhou, Jiangsu",6
The First Affiliated Hospital of Zhengzhou University,6,China,"Zhengzhou, Henan",6
The Mark H Zangmeister Center,6,United States,"Columbus, Ohio",6
The Ottawa Hospital,6,Canada,"Ottawa, Ontario",6
Tianjin Medical University General Hospital,6,China,"Tianjin, Tianjin Municipality",6
Tokyo Medical University Hospital,6,Japan,"Shinjuku, Tokyo",6
Tokyo Metropolitan Komagome Hospital,6,Japan,"Bunkyo, Tokyo",6
UPMC Hillman Cancer Center at Rocco And Nancy Ortenzio Cancer Pavilion,6,United States,"Mechanicsburg, Pennsylvania",6
UW Cancer Center at ProHealth Care,6,United States,"Waukesha, Wisconsin",6
Union Hospital Tongji Medical College Huazhong University of Science and Technology,6,China,"Wuhan, Hubei",6
University of Arizona Cancer Center,6,United States,"Tucson, Arizona",6
University of Cincinnati Medical Center,6,United States,"Cincinnati, Ohio",6
University of Kansas Clinical Research Center,6,United States,"Fairway, Kansas",6
VCU Community Memorial Health Center,6,United States,"South Hill, Virginia",6
VCU Massey Cancer Center at Stony Point,6,United States,"Richmond, Virginia",6
Virtua Samson Cancer Center,6,United States,"Moorestown, New Jersey",6
Virtua Voorhees,6,United States,"Voorhees Township, New Jersey",6
Wakayama Medical University Hospital,6,Japan,"Wakayama, Japan",6
West Michigan Cancer Center,6,United States,"Kalamazoo, Michigan",6
West Virginia University Healthcare,6,United States,"Morgantown, West Virginia",6
White Plains Hospital,6,United States,"White Plains, New York",6
Women's Diagnostic Center,6,United States,"Munster, Indiana",6
Xiangyang Central Hospital,6,China,"Xiangyang, Hubei",6
Adena Regional Medical Center,5,United States,"Chillicothe, Ohio",5
Advocate Outpatient Center,5,United States,"Aurora, Illinois",7
Alta Bates Summit Medical Center,5,United States,"Berkeley, California",6
Aspirus Medford Hospital,5,United States,"Medford, Wisconsin",5
Assistance Publique Hôpitaux de Marseille,5,France,"Marseille, France",5
Astera Cancer Care,5,United States,"East Brunswick, New Jersey",5
Azienda Ospedaliera Universitaria Integrata Verona,5,Italy,"Verona, Italy",5
BJC Outpatient Center at Sunset Hills,5,United States,"Sunset Hills, Missouri",5
BRCR Global,5,United States,"Weston, Florida",5
Banner University Medical Center,5,United States,"Tucson, Arizona",5
Baylor College of Medicine,5,United States,"Houston, Texas",5
Baystate Medical Center,5,United States,"Springfield, Massachusetts",5
Bronson Battle Creek,5,United States,"Battle Creek, Michigan",5
Bryn Mawr Hospital,5,United States,"Bryn Mawr, Pennsylvania",5
CRIO,5,Brazil,"Fortaleza, Ceará",5
Cancer Center at Saint Joseph's,5,United States,"Phoenix, Arizona",5
Case Western Reserve University,5,United States,"Cleveland, Ohio",5
Centre Georges François Leclerc,5,France,"Dijon, France",5
Centre Hospitalier Universitaire de Limoges,5,France,"Limoges, France",5
Centre Hospitalier de l'Université de Montréal,5,Canada,"Montreal, Quebec",5
Chambersburg Hospital,5,United States,"Chambersburg, Pennsylvania",5
Chang Gung Memorial Hospital,5,Taiwan,"Taoyuan, Taiwan",5
Chang Gung Memorial Hospital at Kaohsiung,5,Taiwan,"Kaohsiung City, Taiwan",5
Chi Mei Hospital,5,Taiwan,"Tainan, Tainan",5
Clinica Adventista Belgrano,5,Argentina,"CABA, Buenos Aires F.D.",5
Clinica Universidad de Navarra,5,Spain,"Pamplona, Spain",8
Community Health Network,5,United States,"Indianapolis, Indiana",7
Corewell Health Grand Rapids Hospitals,5,United States,"Grand Rapids, Michigan",7
Corewell Health Lakeland Hospitals,5,United States,"Saint Joseph, Michigan",14
Corewell Health Reed City Hospital,5,United States,"Reed City, Michigan",5
Cork University Hospital,5,Ireland,"Cork, Ireland",5
Dartmouth Cancer Center,5,United States,"Saint Johnsbury, Vermont",7
Dayton Physician LLC,5,United States,"Dayton, Ohio",5
Doctors Hospital,5,United States,"Columbus, Ohio",5
Dublin Methodist Hospital,5,United States,"Dublin, Ohio",5
Edward Hines Jr VA Hospital,5,United States,"Hines, Illinois",5
Farkasgyepui Tudogyogyintezet,5,Hungary,"Farkasgyepű, Veszprém megye",5
Fujian Provincial Cancer Hospital,5,China,"Fuzhou, Fujian",5
Genesis Healthcare System Cancer Care Center,5,United States,"Zanesville, Ohio",5
Gibbs Cancer Center,5,United States,"Gaffney, South Carolina",10
Glens Falls Hospital,5,United States,"Glens Falls, New York",5
Grampians Health,5,Australia,"Ballarat, Victoria",5
Gulf Health Hospitals Inc,5,United States,"Daphne, Alabama",10
Hennepin County Medical Center,5,United States,"Minneapolis, Minnesota",5
Henry Ford Health Warren Hospital,5,United States,"Warren, Michigan",5
Henry Ford Macomb Hospital,5,United States,"Clinton Township, Michigan",5
Hokkaido University Hospital,5,Japan,"Sapporo, Hokkaido",5
Hospices Civils de Lyon,5,France,"Bron, France",6
Hospital São Lucas da PUCRS,5,Brazil,"Porto Alegre, Rio Grande do Sul",5
Hospital Universitari Dexeus,5,Spain,"Barcelona, Spain",5
Hospital Universitari i Politecnic La Fe,5,Spain,"Valencia, Spain",5
Hospital Universitario Vall d'Hebron,5,Spain,"Barcelona, Spain",5
Hospital Universitario Virgen de la Victoria,5,Spain,"Málaga, Spain",5
Huron Gastroenterology PC,5,United States,"Ypsilanti, Michigan",5
Institut Bergonie,5,France,"Bordeaux, France",5
Institut Jules Bordet,5,Belgium,"Anderlecht, Belgium",5
Instituto Alexander Fleming,5,Argentina,"Ciudad Autónoma de Buenos Aires, Buenos Aires",5
Irmandade da Santa Casa de Misericórdia de Porto Alegre,5,Brazil,"Porto Alegre, Rio Grande do Sul",5
Isala,5,Netherlands,"Zwolle, Overijssel",5
James J Peters VA Medical Center,5,United States,"The Bronx, New York",5
Jiangxi Cancer Hospital,5,China,"Nanchang, Jiangxi",5
Kaiser Permanente Dublin,5,United States,"Dublin, California",5
Kaiser Permanente Lutherville,5,United States,"Lutherville, Maryland",5
Kaiser Permanente Northwest,5,United States,"Portland, Oregon",5
Kaiser Permanente South Bay,5,United States,"Harbor City, California",5
Kaiser Permanente Tysons Corner Medical Center,5,United States,"McLean, Virginia",5
Kaiser Permanente West Los Angeles,5,United States,"Los Angeles, California",5
Kantonsspital Winterthur,5,Switzerland,"Winterthur, Switzerland",5
Kapiolani Medical Center for Women and Children,5,United States,"Honolulu, Hawaii",5
Karmanos Cancer Institute,5,United States,"Detroit, Michigan",6
Katmai Oncology Group,5,United States,"Anchorage, Alaska",5
Knox Community Hospital,5,United States,"Mount Vernon, Ohio",5
Lake Regional Hospital,5,United States,"Osage Beach, Missouri",5
Leids Universitair Medisch Centrum,5,Netherlands,"Leiden, South Holland",5
Licking Memorial Hospital,5,United States,"Newark, Ohio",5
Local Institution,5,United States,"Istanbul, Turkey (Türkiye)",399
Loma Linda University Medical Center,5,United States,"Loma Linda, California",5
MBAL Uni Hospital,5,Bulgaria,"Panagyurishte, Pazardzhik",5
Mackay Memorial Hospital,5,Taiwan,"Taipei, Taiwan",5
Mary Bird Perkins Cancer Center,5,United States,"Baton Rouge, Louisiana",5
Maryland Oncology Hematology,5,United States,"Columbia, Maryland",17
Medipol Mega Universite Hastanesi,5,Turkey (Türkiye),"Stanbul, Istanbul",5
Memorial Hospital,5,United States,"Marysville, Ohio",5
Mercy Hospital Oklahoma City,5,United States,"Oklahoma City, Oklahoma",5
Michigan Healthcare Professionals Pontiac,5,United States,"Pontiac, Michigan",5
Miller,5,United States,"Duluth, Minnesota",5
Minnesota Oncology,5,United States,"Burnsville, Minnesota",10
Mobile Infirmary Medical Center,5,United States,"Mobile, Alabama",5
Mount Carmel Grove City Hospital,5,United States,"Grove City, Ohio",5
NEXT Dallas,5,United States,"Irving, Texas",5
Nanjing Drum Tower Hospital,5,China,"Nanjing, Jiangsu",6
National Hospital Organization Kyushu Medical Center,5,Japan,"Fukuoka, Japan",5
National Hospital Organization Shikoku Cancer Center,5,Japan,"Matsuyama, Ehime",5
Nemocnice AGEL Ostrava,5,Czechia,"Ostrava, Ostrava Mesto",5
North Memorial Medical Health Center,5,United States,"Robbinsdale, Minnesota",5
Northside Hospital,5,United States,"Atlanta, Georgia",13
Northwest Georgia Oncology Centers,5,United States,"Marietta, Georgia",5
Northwest Wisconsin Cancer Center,5,United States,"Ashland, Wisconsin",5
OSF Saint Francis Medical Center,5,United States,"Peoria, Illinois",5
OhioHealth Mansfield Hospital,5,United States,"Mansfield, Ohio",5
OhioHealth Marion General Hospital,5,United States,"Marion, Ohio",5
Okayama University Hospital,5,Japan,"Okayama, Japan",5
Oncology Associates at Mercy Medical Center,5,United States,"Cedar Rapids, Iowa",5
One Clinical Research,5,Australia,"Nedlands, Western Australia",5
OptumCare Cancer Care at Charleston,5,United States,"Las Vegas, Nevada",5
OptumCare Cancer Care at Fort Apache,5,United States,"Las Vegas, Nevada",5
Orlandi Oncologia,5,Chile,"Santiago, Region M. de Santiago",5
Orlando Health Cancer Institute,5,United States,"Orlando, Florida",5
Pali Momi Medical Center,5,United States,"‘Aiea, Hawaii",5
Paoli Memorial Hospital,5,United States,"Paoli, Pennsylvania",5
Peking University People's Hospital,5,China,"Beijing, Beijing Municipality",5
Penn State Milton S Hershey Medical Center,5,United States,"Hershey, Pennsylvania",5
Pusan National University Yangsan Hospital,5,South Korea,"Yangsan, Kyongsangnam-do",5
Rapid City Regional Hospital,5,United States,"Rapid City, South Dakota",5
Reading Hospital,5,United States,"West Reading, Pennsylvania",5
Reformatus Pulmonologiai Centrum,5,Hungary,"Törökbálint, Pest County",5
Riddle Memorial Hospital,5,United States,"Media, Pennsylvania",5
Ridgeview Medical Center,5,United States,"Waconia, Minnesota",5
Rush,5,United States,"Aurora, Illinois",8
SMC Center for Hematology Oncology Union,5,United States,"Union, South Carolina",5
SSM Health Good Samaritan,5,United States,"Mount Vernon, Illinois",5
START,5,United States,"San Antonio, Texas",5
Saint Joseph's,5,United States,"Bluffton, South Carolina",5
Saint Luke's Hospital,5,United States,"Chesterfield, Missouri",7
Saint Luke's Hospital of Kansas City,5,United States,"Kansas City, Missouri",5
Saint Vincent Hospital Cancer Center at Oconto Falls,5,United States,"Oconto Falls, Wisconsin",5
Saint Vincent Hospital Cancer Center at Saint Mary's,5,United States,"Green Bay, Wisconsin",5
Saint Vincent Hospital Cancer Center at Sheboygan,5,United States,"Sheboygan, Wisconsin",5
Saiseikai Kumamoto Hospital,5,Japan,"Kumamoto, Japan",5
Sanatorio Parque,5,Argentina,"Rosario, Santa Fe Province",5
Sinai Hospital of Baltimore,5,United States,"Baltimore, Maryland",5
Sir Run Run Shaw Hospital,5,China,"Hangzhou, Zhejiang",5
Southern Medical University Nanfang Hospital,5,China,"Guangzhou, Guangdong",5
Spartanburg Medical Center,5,United States,"Spartanburg, South Carolina",5
Springfield Regional Cancer Center,5,United States,"Springfield, Ohio",5
Straub Clinic and Hospital,5,United States,"Honolulu, Hawaii",5
Strecker Cancer Center,5,United States,"Belpre, Ohio",5
Sunnybrook Research Institute,5,Canada,"Toronto, Ontario",5
Sutter Auburn Faith Hospital,5,United States,"Auburn, California",5
The First Affiliated Hospital of Anhui Medical University,5,China,"Hefei, Anhui",5
The First Hospital of China Medical University,5,China,"Shenyang, Liaoning",5
The Queen's Medical Center,5,United States,"‘Ewa Beach, Hawaii",5
The Second Hospital of Anhui Medical University,5,China,"Hefei, Anhui",5
The University of Texas M. D. Anderson Cancer Center,5,United States,"Houston, Texas",5
Thomas Hospital,5,United States,"Fairhope, Alabama",5
"Thoracic General Hospital of Athens ""I Sotiria""",5,Greece,"Athens, Attikí",5
Tianjin Medical University Cancer Institute & Hospital,5,China,"Tianjin, China",5
Torrance Memorial Physician Network,5,United States,"Torrance, California",5
Tower Cancer Research Foundation,5,United States,"Beverly Hills, California",5
Trinity Health Grand Rapids Hospital,5,United States,"Grand Rapids, Michigan",5
Trinity Health Muskegon Hospital,5,United States,"Muskegon, Michigan",5
UH Seidman Cancer Center at Lake Health Mentor Campus,5,United States,"Mentor, Ohio",5
UPMC Cancer Centers,5,United States,"Greensburg, Pennsylvania",5
UPMC Hillman Cancer Center Erie,5,United States,"Erie, Pennsylvania",5
UPMC Pinnacle Cancer Center,5,United States,"Harrisburg, Pennsylvania",5
UPMC Western Maryland,5,United States,"Cumberland, Maryland",5
USC,5,United States,"Los Angeles, California",5
University Health Network,5,Canada,"Toronto, Ontario",7
University of Hawaii Cancer Center,5,United States,"Honolulu, Hawaii",5
University of Mississippi Medical Center,5,United States,"Jackson, Mississippi",5
University of Vermont Medical Center,5,United States,"Burlington, Vermont",5
Uniwersytecki Szpital Kliniczny Nr 4 w Lublinie,5,Poland,"Lublin, Lublin Voivodeship",5
UofL Health Medical Center Northeast,5,United States,"Louisville, Kentucky",5
Valley Medical Center,5,United States,"Renton, Washington",5
Virginia Cancer Institute,5,United States,"Richmond, Virginia",5
William E Kahlert Regional Cancer Center,5,United States,"Westminster, Maryland",5
William Osler Health System,5,Canada,"Brampton, Ontario",5
Xiangya Hospital Central South University,5,China,"Changsha, Hunan",5
Yunnan Cancer Hospital,5,China,"Kunming, Yunnan",5
ASST Grande Ospedale Metropolitano Niguarda,4,Italy,"Milan, Italy",4
AdventHealth Littleton,4,United States,"Littleton, Colorado",4
AdventHealth Parker,4,United States,"Parker, Colorado",4
AdventHealth Porter,4,United States,"Denver, Colorado",4
Alaska Oncology and Hematology,4,United States,"Anchorage, Alaska",4
Algemeen Ziekenhuis klina,4,Belgium,"Brasschaat, Belgium",4
Allegiance Health,4,United States,"Jackson, Michigan",4
American Oncology Network Vista Oncology Division,4,United States,"Olympia, Washington",7
Amphia Ziekenhuis,4,Netherlands,"Breda, North Brabant",4
AnMed Health Cancer Center,4,United States,"Anderson, South Carolina",4
Arnold Palmer Cancer Center Medical Oncology Norwin,4,United States,"N. Huntingdon, Pennsylvania",4
Ascension Via Christi Hospitals Wichita,4,United States,"Wichita, Kansas",4
Aspirus Regional Cancer Center,4,United States,"Wausau, Wisconsin",4
Athens Medical Center,4,Greece,"Marousi, Attica",5
Baptist Health Hardin,4,United States,"Elizabethtown, Kentucky",4
Baptist Health Lexington,4,United States,"Lexington, Kentucky",4
Barbara Ann Karmanos Cancer Institute,4,United States,"Detroit, Michigan",4
Bayhealth Hospital Kent Campus,4,United States,"Dover, Delaware",4
Bayhealth Hospital Sussex Campus,4,United States,"Milford, Delaware",4
Beebe Medical Center,4,United States,"Lewes, Delaware",4
Bethesda North Hospital,4,United States,"Cincinnati, Ohio",4
Billings Clinic,4,United States,"Cody, Wyoming",4
CHA Bundang Medical Center,4,South Korea,"Seongnam-si, Kyǒnggi-do",4
CHI Health Good Samaritan,4,United States,"Kearney, Nebraska",4
CHU Bordeaux Haut,4,France,"Pessac, Aquitaine",4
CHU de Toulouse,4,France,"Toulouse, Haute-garonne",4
CHUAC,4,Spain,"A Coruña, A Coruña [LA Coruña]",4
CHUS,4,Spain,"Santiago de Compostela, A Coruña [La Coruña]",4
CTCA at Southeastern Regional Medical Center,4,United States,"Newnan, Georgia",4
California Research Institute,4,United States,"Los Angeles, California",4
Cancer Hospital of Shantou University Medical College,4,China,"Shantou, Guangdong",4
Cancer Institute Hospital of JFCR,4,Japan,"Tokyo, Japan",4
Cancer Research SA,4,Australia,"Adelaide, Australia",4
Cancer Specialists of North Florida,4,United States,"Jacksonville, Florida",16
Carolina BioOncology Institute,4,United States,"Huntersville, North Carolina",4
Centra Alan B Pearson Regional Cancer Center,4,United States,"Lynchburg, Virginia",4
Centre Hospitalier Intercommunal de Créteil,4,France,"Créteil, France",4
Centre Hospitalier Régional Universitaire de Nancy,4,France,"Vandœuvre-lès-Nancy, Meurthe-et-Moselle",4
Centre Léon Bérard,4,France,"Lyon, France",4
Centro de Estudios Clínicos SAGA,4,Chile,"Santiago, Region M. de Santiago",4
"Centrul de Oncologie ""Sfântul Nectarie""",4,Romania,"Craiova, Dolj",4
Centrum Onkologii im. Prof. Franciszka Lukaszczyka,4,Poland,"Bydgoszcz, Poland",4
Chonnam National University Hwasun Hospital,4,South Korea,"Hwasun, Jeonranamdo",4
Christiana Care Health System,4,United States,"Newark, Delaware",12
Chung Shan Medical University Hospital,4,Taiwan,"Taichung, Taiwan",4
Clackamas Radiation Oncology Center,4,United States,"Clackamas, Oregon",4
Coborn Cancer Center at Saint Cloud Hospital,4,United States,"Saint Cloud, Minnesota",4
Columbus Oncology and Hematology Associates Inc,4,United States,"Columbus, Ohio",4
CommonSpirit Cancer Center Mercy,4,United States,"Durango, Colorado",4
Commonwealth Cancer Center,4,United States,"Corbin, Kentucky",4
Corewell Health Beaumont Troy Hospital,4,United States,"Troy, Michigan",4
Corewell Health William Beaumont University Hospital,4,United States,"Royal Oak, Michigan",4
Cro,4,Italy,"Aviano, Friuli Venezia Giulia",4
Divine Providence Hospital,4,United States,"Williamsport, Pennsylvania",4
Essentia Health Saint Mary's Medical Center,4,United States,"Duluth, Minnesota",4
Fairfield Medical Center,4,United States,"Lancaster, Ohio",4
Fairview Clinics and Surgery Center Maple Grove,4,United States,"Maple Grove, Minnesota",4
Flinders Medical Centre,4,Australia,"Bedford Park, South Australia",4
Fred Hutchinson,4,United States,"Seattle, Washington",4
Fremont,4,United States,"Marysville, California",4
Fujita Health University Hospital,4,Japan,"Toyoake, Aichi-ken",4
Fundacion Estudios Clinicos,4,Argentina,"Rosario, Santa Fe Province",4
Georgetown University Medical Center,4,United States,"Washington D.C., District of Columbia",4
Good Samaritan Hospital,4,United States,"Cincinnati, Ohio",6
Good Samaritan University Hospital,4,United States,"West Islip, New York",4
Greater Regional Medical Center,4,United States,"Creston, Iowa",4
Guthrie Medical Group PC,4,United States,"Sayre, Pennsylvania",4
H.R.U Málaga,4,Spain,"Málaga, Spain",4
Hamilton Health Sciences,4,Canada,"Hamilton, Ontario",4
Harold Alfond Center for Cancer Care,4,United States,"Augusta, Maine",4
Hartford Hospital,4,United States,"Hartford, Connecticut",4
Helios Clinical Research,4,United States,"Fort Lauderdale, Florida",4
Henry Ford Health Providence Novi Hospital,4,United States,"Novi, Michigan",4
Henry Ford Health Providence Southfield Hospital,4,United States,"Southfield, Michigan",4
Henry Ford Health Saint John Hospital,4,United States,"Detroit, Michigan",4
Henry Ford Madison Heights Hospital,4,United States,"Warren, Michigan",4
Henry Ford River District Hospital,4,United States,"East China Township, Michigan",4
Henry Ford Saint John Hospital,4,United States,"Grosse Pointe Woods, Michigan",16
Henry Ford Warren Hospital,4,United States,"Macomb, Michigan",8
Hiroshima University Hospital,4,Japan,"Hiroshima, Japan",4
Hoag Memorial Hospital Presbyterian,4,United States,"Newport Beach, California",5
HonorHealth,4,United States,"Scottsdale, Arizona",4
Hospital General Universitario de Valencia,4,Spain,"Valencia, Spain",4
Hospital Insular de Gran Canaria,4,Spain,"Las Palmas de Gran Canaria, Las Palmas",4
Hospital Nossa Senhora da Conceição,4,Brazil,"Porto Alegre, Rio Grande do Sul",4
Hospital Regional Universitario de Malaga,4,Spain,"Málaga, Spain",4
Hospital Universitario HM Sanchinarro,4,Spain,"Madrid, Spain",4
Hospital Universitario La Paz,4,Spain,"Madrid, Spain",4
Hospital Universitario Ramon y Cajal,4,Spain,"Madrid, Spain",4
Hospital Universitario Virgen Del Rocio,4,Spain,"Seville, Spain",4
Hospital Universitario Virgen del Rocio,4,Spain,"Seville, Spain",4
Hospital de Clínicas de Passo Fundo,4,Brazil,"Passo Fundo, Rio Grande do Sul",4
Humanitas Istituto Clinico Catanese,4,Italy,"Misterbianco, Catania",4
Hunan Cancer hospital,4,China,"Changsha, Hunan",4
Hôpital Arnaud de Villeneuve,4,France,"Montpellier, Hérault",4
Hôpital Tenon,4,France,"Paris, France",4
IBCC,4,Brazil,"São Paulo, Brazil",5
IPOR Instituto Peruano de Oncología & Radioterapia,4,Peru,"Lima, Peru",4
IRMC Cancer Center,4,United States,"Indiana, Pennsylvania",4
Icesp,4,Brazil,"São Paulo, Brazil",4
Idaho Urologic Institute,4,United States,"Meridian, Idaho",4
Illinois Cancer Specialists,4,United States,"Arlington Heights, Illinois",5
Indu and Raj Soin Medical Center,4,United States,"Beavercreek, Ohio",4
Institut Bergonié,4,France,"Bordeaux, France",4
Institut Paoli,4,France,"Marseille, Provence-Alpes-Côte d'Azur Region",4
Institut de Cancerologie de l'Ouest,4,France,"Saint-Herblain, France",4
Institutul Oncologic Cluj,4,Romania,"Cluj-Napoca, Romania",6
Integris Southwest Medical Center,4,United States,"Oklahoma City, Oklahoma",4
Istituti Fisioterapici Ospitalieri,4,Italy,"Roma, RM",4
Istituto Europeo di Oncologia IRCCS,4,Italy,"Milan, Italy",4
Istituto di Candiolo IRCCS,4,Italy,"Candiolo, Torino",4
Jewish General Hospital,4,Canada,"Montreal, Quebec",4
Jilin Province Tumor Hospital,4,China,"Changchun, Jilin",5
Kanagawa cancer center,4,Japan,"Yokohama, Kanagawa",4
Kingman Regional Medical Center,4,United States,"Kingman, Arizona",4
Kitasato University Hospital,4,Japan,"Sagamihara, Kanagawa",4
Klinikum der Ludwig,4,Germany,"München, Bavaria",4
Kobe City Medical Center General Hospital,4,Japan,"Kobe, Hyōgo",4
Kuakini Medical Center,4,United States,"Honolulu, Hawaii",4
Lancaster General Hospital,4,United States,"Lancaster, Pennsylvania",4
Langlade Hospital and Cancer Center,4,United States,"Antigo, Wisconsin",4
Lehigh Valley Hospital,4,United States,"Allentown, Pennsylvania",12
Leicester Royal Infirmary,4,United Kingdom,"Leicester, United Kingdom",4
Liaoning Cancer Hospital,4,China,"Shenyang, Liaoning",4
Linear Clinical Research,4,Australia,"Perth, Western Australia",4
Liv Hospital Ankara,4,Turkey (Türkiye),"Ankara, Turkey (Türkiye)",4
Longmont United Hospital,4,United States,"Longmont, Colorado",4
Los Angeles Cancer Network,4,United States,"Glendale, California",4
Lungenfachklinik Immenhausen,4,Germany,"Immenhausen, Germany",4
Malcom Randall Veterans Administration Medical Center,4,United States,"Gainesville, Florida",4
Meander Medisch Centrum,4,Netherlands,"Amersfoort, Utrecht",4
Medizinische Universität Graz,4,Austria,"Graz, Styria",4
Memorial Regional Hospital,4,United States,"Hollywood, Florida",4
Mercy Hospital Fort Smith,4,United States,"Fort Smith, Arkansas",4
Mercy Oncology and Hematology,4,United States,"Ballwin, Missouri",4
Methodist Medical Center of Illinois,4,United States,"Peoria, Illinois",4
Monticello Cancer Center,4,United States,"Monticello, Minnesota",4
Mount Carmel East Hospital,4,United States,"Columbus, Ohio",4
NHO Kinki Chuo Chest Medical Center,4,Japan,"Sakai, Osaka",4
Nanjing Drum Tower Hospital The Affiliated Hospital of Nanjing University Medical School,4,China,"Nanjing, Jiangsu",4
National Cancer Centre Singapore,4,Singapore,"Singapore, Central Singapore",4
National Center for Global Health and Medicine,4,Japan,"Shinjuku, Tokyo",4
National Hospital Organization Okayama Medical Center,4,Japan,"Okayama, Japan",4
Nebraska Medicine,4,United States,"Omaha, Nebraska",9
Nepean Hospital,4,Australia,"Penrith, New South Wales",4
New Ulm Medical Center,4,United States,"New Ulm, Minnesota",4
New York Oncology Hematology,4,United States,"Albany, New York",5
Norton Cancer Institute,4,United States,"Louisville, Kentucky",7
Novant Health Forsyth Medical Center,4,United States,"Winston-Salem, North Carolina",4
Oaxaca Site Management Organization S.C,4,Mexico,"Oaxaca City, Mexico",4
Oncology Hematology Care Inc,4,United States,"Cincinnati, Ohio",6
Optum Medical Care,4,United States,"Westbury, New York",8
Osaka Prefectural Hospital Organization Osaka International Cancer Institute,4,Japan,"Osaka, Japan",4
Pan American Center for Oncology Trials,4,Puerto Rico,"Manati, Puerto Rico",9
Parc de Salut Mar,4,Spain,"Barcelona, Spain",4
Parkland Memorial Hospital,4,United States,"Dallas, Texas",4
Peking University Third Hospital,4,China,"Beijing, Beijing Municipality",4
Penrose,4,United States,"Colorado Springs, Colorado",4
Pocono Medical Center,4,United States,"East Stroudsburg, Pennsylvania",4
Presbyterian,4,United States,"Denver, Colorado",4
Prisma Health Cancer Institute,4,United States,"Greenville, South Carolina",29
ProHealth Waukesha Memorial Hospital,4,United States,"Waukesha, Wisconsin",4
Queen Elizabeth Hospital,4,Hong Kong,"Hong Kong, Hong Kong",4
Queen Mary Hospital,4,Hong Kong,"Hksar, Hong Kong",5
Ralph H Johnson VA Medical Center,4,United States,"Charleston, South Carolina",4
Robert Wood Johnson University Hospital Somerset,4,United States,"Somerville, New Jersey",4
Rutgers Cancer Institute of New Jersey,4,United States,"New Brunswick, New Jersey",4
Saint Ann's Hospital,4,United States,"Westerville, Ohio",4
Saint Catherine Hospital,4,United States,"Indianapolis, Indiana",4
Saint Elizabeth Youngstown Hospital,4,United States,"Youngstown, Ohio",4
Saint Francis Hospital,4,United States,"Greenville, South Carolina",5
Saint Francis Regional Medical Center,4,United States,"Shakopee, Minnesota",4
Saint Joseph Radiation Oncology Resource Center,4,United States,"Lexington, Kentucky",4
Saint Luke's East,4,United States,"Lee's Summit, Missouri",4
Saint Mary Corwin Medical Center,4,United States,"Pueblo, Colorado",4
Sanford Cancer Center Worthington,4,United States,"Worthington, Minnesota",4
Severance Hospital Yonsei University Health System,4,South Korea,"Seoul, South Korea",4
Sheboygan Physicians Group,4,United States,"Sheboygan, Wisconsin",4
Southern Ohio Medical Center,4,United States,"Portsmouth, Ohio",4
Sylvester Comprehensive Cancer Center,4,United States,"Miami, Florida",4
Taipei Medical University Shuang Ho Hospital,4,Taiwan,"New Taipei City, Taiwan",4
Tata Memorial Hospital,4,India,"Mumbai, Maharashtra",4
Temple University Hospital,4,United States,"Philadelphia, Pennsylvania",4
The Affiliated Hospital of Xuzhou Medical College,4,China,"Xuzhou, Jiangsu",4
The Affiliated Hospital of Xuzhou Medical University,4,China,"Xuzhou, Jiangsu",4
The Angeles Clinic and Research Institute,4,United States,"Los Angeles, California",5
The Cancer Center of Hawaii,4,United States,"Honolulu, Hawaii",7
The Cancer Institute at Saint Francis Hospital,4,United States,"East Hills, New York",4
The First Affiliated Hospital of Henan University of Science and Technology,4,China,"Luoyang, Henan",4
The First Affiliated hospital of Xiamen University,4,China,"Xiamen, Fujian",4
The Fourth Hospital of Hebei Medical University,4,China,"Shijiazhuang, Hebei",4
The Hospital of Central Connecticut,4,United States,"New Britain, Connecticut",4
The Second People's Hospital of Neijiang,4,China,"Neijiang, Sichuan",4
The Second Xiangya Hospital of Central South University,4,China,"Changsha, Hunan",4
The Third Xiangya Hospital of Central South University,4,China,"Changsha, Hunan",4
The Valley Hospital,4,United States,"Paramus, New Jersey",4
ThedaCare Regional Cancer Center,4,United States,"Appleton, Wisconsin",4
Thomas Jefferson University,4,United States,"Philadelphia, Pennsylvania",4
Thoraxklinik,4,Germany,"Heidelberg, Baden-Wurttemberg",4
Tongji Hospital,4,China,"Wuhan, Hubei",4
Tongji Hospital Tongji Medical,4,China,"Wuhan, Hubei",4
TriHealth Cancer Institute,4,United States,"Cincinnati, Ohio",8
UH Seidman Cancer Center at UH Avon Health Center,4,United States,"Avon, Ohio",4
UHHS,4,United States,"Beachwood, Ohio",4
UI Healthcare Mission Cancer and Blood,4,United States,"Fort Dodge, Iowa",4
UKGM Gießen,4,Germany,"Giessen, Hesse",4
UM Sylvester Comprehensive Cancer Center at Aventura,4,United States,"Aventura, Florida",4
UM Sylvester Comprehensive Cancer Center at Coral Gables,4,United States,"Coral Gables, Florida",4
UM Sylvester Comprehensive Cancer Center at Deerfield Beach,4,United States,"Deerfield Beach, Florida",4
UM Sylvester Comprehensive Cancer Center at Kendall,4,United States,"Miami, Florida",4
UM Sylvester Comprehensive Cancer Center at Plantation,4,United States,"Plantation, Florida",4
UPMC Cancer Center,4,United States,"Natrona Heights, Pennsylvania",13
UPMC Cancer Center at UPMC Horizon,4,United States,"Farrell, Pennsylvania",4
UPMC Cancer Center at UPMC McKeesport,4,United States,"McKeesport, Pennsylvania",4
UPMC Cancer Center at UPMC Northwest,4,United States,"Seneca, Pennsylvania",4
UPMC Hillman Cancer Center in Coraopolis,4,United States,"Moon Township, Pennsylvania",4
UZ Leuven,4,Belgium,"Leuven, Belgium",4
Unidade Local de Saude de Santa Maria,4,Portugal,"Lisbon, Lisbon District",4
University Cancer & Blood Center,4,United States,"Athens, Georgia",4
University College London Hospital,4,United Kingdom,"London, United Kingdom",4
University General Hospital of Heraklion,4,Greece,"Heraklion, Irakleío",5
University Hospitals of Leicester NHS Trust,4,United Kingdom,"Leicester, Leicestershire",4
University Medical Center New Orleans,4,United States,"New Orleans, Louisiana",4
University of Cincinnati Cancer Center,4,United States,"Cincinnati, Ohio",7
University of Kansas Cancer Center at North Kansas City Hospital,4,United States,"North Kansas City, Missouri",4
University of Maryland,4,United States,"Baltimore, Maryland",4
University of Miami Miller School of Medicine,4,United States,"Miami, Florida",4
University of Tennessee Medical Center,4,United States,"Knoxville, Tennessee",4
University of Vermont and State Agricultural College,4,United States,"Burlington, Vermont",4
University of Washington,4,United States,"Seattle, Washington",4
University of Washington Medical Center,4,United States,"Seattle, Washington",4
Universitätsspital Basel,4,Switzerland,"Basel, Switzerland",4
VITAZ,4,Belgium,"Sint-Niklaas, Oost-Vlaanderen",4
Veterans Affairs Medical Center,4,United States,"San Francisco, California",4
Warminsko,4,Poland,"Olsztyn, Warmian-Masurian Voivodeship",4
West China Hospital Sichuan University,4,China,"Chengdu, Sichuan",4
West China Hospital of Sichuan University,4,China,"Chengdu, Sichuan",4
Wilcox Memorial Hospital and Kauai Medical Clinic,4,United States,"Lihue, Hawaii",4
Yitzhak Shamir Medical Center,4,Israel,"Ẕerifin, Central District",4
Yokohama Municipal Citizen's Hospital,4,Japan,"Yokohama, Kanagawa",4
Ziekenhuis St. Jansdal,4,Netherlands,"Harderwijk, Gelderland",4
AOU Renato Dulbecco,3,Italy,"Catanzaro, Italy",3
AZ Maria Middelares,3,Belgium,"Ghent, Belgium",3
AZ Sint,3,Belgium,"Mechelen, Antwerpen",3
Addenbrooke's Hospital,3,United Kingdom,"Cambridge, United Kingdom",3
Advocate High Tech Medical Park,3,United States,"Palos Heights, Illinois",3
Affiliated Cancer Hospital of Guangxi Medical University,3,China,"Nanning, Guangxi",3
Affiliated Hospital of Jiangnan University,3,China,"Wuxi, Jiangsu",3
Agios Loukas Clinic,3,Greece,"Thessaloniki, Greece",3
Aichi Cancer Center,3,Japan,"Nagoya, Aichi-ken",3
Aichi Cancer Center Hospital,3,Japan,"Nagoya, Japan",3
Alaska Breast Care and Surgery LLC,3,United States,"Anchorage, Alaska",3
Alaska Oncology and Hematology LLC,3,United States,"Anchorage, Alaska",3
Alaska Women's Cancer Care,3,United States,"Anchorage, Alaska",3
Alegent Health Bergan Mercy Medical Center,3,United States,"Omaha, Nebraska",3
Alegent Health Immanuel Medical Center,3,United States,"Omaha, Nebraska",3
Alegent Health Lakeside Hospital,3,United States,"Omaha, Nebraska",3
Alegent Health Mercy Hospital,3,United States,"Council Bluffs, Iowa",3
Alliance Cancer Specialists,3,United States,"Horsham, Pennsylvania",9
Alton Memorial Hospital,3,United States,"Alton, Illinois",3
Anchorage Associates in Radiation Medicine,3,United States,"Anchorage, Alaska",3
Anchorage Oncology Centre,3,United States,"Anchorage, Alaska",3
Anchorage Radiation Therapy Center,3,United States,"Anchorage, Alaska",3
Ankara Bilkent Sehir Hastanesi,3,Turkey (Türkiye),"Ankara, Turkey (Türkiye)",3
Armes Family Cancer Center,3,United States,"Findlay, Ohio",3
Auckland City Hospital,3,New Zealand,"Auckland, New Zealand",3
Austin Health,3,Australia,"Heidelberg, Victoria",3
Avera Cancer Institute,3,United States,"Sioux Falls, South Dakota",4
Azienda Ospedaliero Universitaria Maggiore della Carità,3,Italy,"Novara, Italy",3
BRCR Medical Center Inc,3,United States,"Tamarac, Florida",4
Baskent University Dr. Turgut Noyan Research and Training Center,3,Turkey (Türkiye),"Adana, Turkey (Türkiye)",3
Bay Area Hospital,3,United States,"Coos Bay, Oregon",3
Bay Pines VA Healthcare System,3,United States,"Bay Pines, Florida",3
Beacon Kalamazoo,3,United States,"Kalamazoo, Michigan",3
Beaumont Hospital,3,Ireland,"Dublin, Ireland",3
Beijing Friendship Hospital,3,China,"Beijing, China",3
Beverly Hills Cancer Center,3,United States,"Beverly Hills, California",3
Bhadresh Nayak MD PC,3,United States,"Sterling Heights, Michigan",3
Blacktown Hospital,3,Australia,"Blacktown, New South Wales",3
Blanchard Valley Hospital,3,United States,"Findlay, Ohio",3
Boulder Community Foothills Hospital,3,United States,"Boulder, Colorado",3
Bradford Hill Norte,3,Chile,"Antofagasta, Chile",3
Broadlawns Medical Center,3,United States,"Des Moines, Iowa",3
CHRU de Brest,3,France,"Brest, Finistère",3
CHU Angers,3,France,"Angers, France",3
CHUV,3,Switzerland,"Lausanne, Switzerland",3
CIO,3,Mexico,"Guadalajara, Jalisco",3
Cabinet Medical Oncomed,3,Romania,"Timișoara, Timiș County",3
Cambridge Medical Center,3,United States,"Cambridge, Minnesota",3
Camden Clark Medical Center,3,United States,"Parkersburg, West Virginia",3
Cancer Care Centers of Brevard,3,United States,"Palm Bay, Florida",3
Cancer Center of Kansas,3,United States,"Wichita, Kansas",34
Cancer Center of Western Wisconsin,3,United States,"New Richmond, Wisconsin",3
Cancer Hospital,3,China,"Beijing, Beijing Municipality",3
Cancer Hospital of Shandong First Medical University,3,China,"Jinan, China",3
Carlisle Regional Cancer Center,3,United States,"Carlisle, Pennsylvania",3
Caro Cancer Center,3,United States,"Caro, Michigan",3
Carolina Cancer Research Center,3,United States,"Wilson, North Carolina",3
Castle Medical Center,3,United States,"Kailua, Hawaii",3
Cedars Sinai Medical Center,3,United States,"Los Angeles, California",3
Central Care Cancer Center,3,United States,"Great Bend, Kansas",7
Central Ohio Breast and Endocrine Surgery,3,United States,"Gahanna, Ohio",3
Central Vermont Medical Center,3,United States,"Berlin Corners, Vermont",3
Centre Hospitalier Universitaire de Liège,3,Belgium,"Liège, Belgium",3
Centre Hospitalier Universitaire de Poitiers,3,France,"Poitiers, Vienne",3
Centre Hospitalier Universitaire de Rennes,3,France,"Rennes, Ille-et-vilaine",3
Centre Intégré de Santé et de Services Sociaux de la Montérégie,3,Canada,"Greenfield Park, Quebec",3
Centre Jean Perrin,3,France,"Clermont-Ferrand, Puy-de-Dome",3
Centro Oncologico Korben,3,Argentina,"Buenos Aires, Argentina",3
Centro Ricerche Cliniche di Verona s.r.l,3,Italy,"Verona, Italy",3
Centro de Investigacion Clinica de Oaxaca,3,Mexico,"Oaxaca City, Oaxaca",3
Centro di Riferimento Oncologico,3,Italy,"Aviano, Italy",3
Centrul de Diagnostic si Tratament Provita,3,Romania,"Bucharest, Bucharest",3
Chang Gung Medical Foundation,3,Taiwan,"Taoyuan, Taiwan",3
Charité Campus Virchow,3,Germany,"Berlin, Germany",3
Chiba University Hospital,3,Japan,"Chiba, Japan",3
China Medical University Hospital,3,Taiwan,"Taichung, Taiwan",3
Chongqing University Three Gorges Hospital,3,China,"Wanzhou, China",3
Chulalongkorn University,3,Thailand,"Bangkok, Bangkok",3
Chungnam national university hospital,3,South Korea,"Junggu, Taejon-Kwangyokshi",3
Clermont Oncology Center,3,United States,"Clermont, Florida",3
Clinica Universidad Catolica del Maule,3,Chile,"Talca, Maule Region",3
Clinical Research Alliance,3,United States,"Westbury, New York",3
Cliniques Universitaires Saint,3,Belgium,"Brussels, Belgium",3
Colorado Blood Cancer Institute,3,United States,"Denver, Colorado",3
Columbus Oncology and Hematology Associates,3,United States,"Dublin, Ohio",3
Complejo Hospitalario Universitario A Coruna,3,Spain,"A Coruña, La Coruna",3
Comprehensive Cancer Centers of Nevada,3,United States,"Las Vegas, Nevada",17
Comprehensive Hematology Oncology,3,United States,"St. Petersburg, Florida",9
CoxHealth South Hospital,3,United States,"Springfield, Missouri",3
Dayton Physicians LLC,3,United States,"Centerville, Ohio",12
Delaware Clinical and Laboratory Physicians PA,3,United States,"Newark, Delaware",3
Drammen Sykehus,3,Norway,"Drammen, Buskerud",3
E,3,Taiwan,"Kaohsiung City, Taiwan",3
Ehime University Hospital,3,Japan,"Tōon, Ehime",3
Erasmus Medisch Centrum,3,Netherlands,"Rotterdam, South Holland",3
Essentia Health Saint Mary's Hospital,3,United States,"Superior, Wisconsin",3
Faculdade de Medicina do ABC,3,Brazil,"Santo André, São Paulo",3
Faculty of Medicine,3,Thailand,"Muang, Changwat Khon Kaen",3
Fairbanks Memorial Hospital,3,United States,"Fairbanks, Alaska",3
Fairview Lakes Medical Center,3,United States,"Wyoming, Minnesota",3
Fairview Northland Medical Center,3,United States,"Princeton, Minnesota",3
Fairview Ridges Hospital,3,United States,"Burnsville, Minnesota",3
FirstHealth Cancer Center,3,United States,"Pinehurst, North Carolina",3
Florida Clinical Trials Group,3,United States,"Plantation, Florida",4
Fondazione IRCCS Policlinico San Matteo,3,Italy,"Pavia, Italy",3
Fondazione IRCCS San Gerardo dei Tintori,3,Italy,"Monza, Italy",3
Fortis Hospital,3,India,"New Delhi, National Capital Territory of Delhi",3
Franciscan Health Indianapolis,3,United States,"Indianapolis, Indiana",3
Freeman Health System,3,United States,"Joplin, Missouri",3
Freeman Hospital,3,United Kingdom,"Newcastle upon Tyne, United Kingdom",3
Frisius Medisch Centrum,3,Netherlands,"Leeuwarden, Provincie Friesland",3
Gabrail Cancer Center Research,3,United States,"Canton, Ohio",3
Gachon University Gil Medical Center,3,South Korea,"Incheon, South Korea",3
Gene Upshaw Memorial Tahoe Forest Cancer Center,3,United States,"Truckee, California",3
Good Samaritan Regional Medical Center,3,United States,"Corvallis, Oregon",3
Goshen Center for Cancer Care,3,United States,"Goshen, Indiana",3
Grady Health System,3,United States,"Atlanta, Georgia",3
Grand Hôpital de Charleroi,3,Belgium,"Charleroi, Hainaut",3
Great Falls Clinic,3,United States,"Great Falls, Montana",3
Greater Baltimore Medical Center,3,United States,"Baltimore, Maryland",3
Greater Dayton Cancer Center,3,United States,"Kettering, Ohio",3
Groupe hospitalier Paris saint Joseph,3,France,"Paris, Île-de-France Region",3
Guangdong Lung Cancer Institute,3,China,"Guangzhou, Guangdong",3
Gulfport Memorial Hospital,3,United States,"Gulfport, Mississippi",3
Gulhane Egitim Arastirma Hastanesi,3,Turkey (Türkiye),"Ankara, Turkey (Türkiye)",3
Gyeongsang National University Hospital,3,South Korea,"Jinju, South Korea",3
HOSPITAL GENERAL UNIVERSITARIO GREGORIO MARAÑON,3,Spain,"Madrid, Spain",3
HOSPITAL UNIVERSITARIO QUIRONSALUD MADRID,3,Spain,"Pozuelo de Alarcón, Madrid",3
Hacettepe University Medical Faculty,3,Turkey (Türkiye),"Ankara, Turkey (Türkiye)",3
Harrison HealthPartners Hematology and Oncology,3,United States,"Poulsbo, Washington",3
Health Partners Inc,3,United States,"Minneapolis, Minnesota",3
Heartland Oncology and Hematology LLP,3,United States,"Council Bluffs, Iowa",3
Heartland Regional Medical Center,3,United States,"Saint Joseph, Missouri",3
Helios Klinikum Emil von Behring Berlin,3,Germany,"Berlin, Germany",3
Hematology Oncology Consultants,3,United States,"Clarkston, Michigan",3
Henry Ford Rochester Hospital,3,United States,"Rochester Hills, Michigan",3
Henry Ford Wyandotte Hospital,3,United States,"Wyandotte, Michigan",3
Hillcrest Hospital Cancer Center,3,United States,"Mayfield Heights, Ohio",3
Hope Cancer Center,3,United States,"Pontiac, Michigan",3
Hope Cancer Clinic,3,United States,"Livonia, Michigan",3
Hope and Healing Cancer Services,3,United States,"Hinsdale, Illinois",5
Hospital Alemao Oswaldo Cruz,3,Brazil,"São Paulo, São Paulo",3
Hospital Británico de Buenos Aires,3,Argentina,"CABA, Buenos Aires",3
Hospital CUF Porto,3,Portugal,"Porto, Portugal",3
Hospital Clínico San Carlos,3,Spain,"Madrid, Madrid",3
Hospital General Universitario de Elche,3,Spain,"Elche, Alicante",3
Hospital Jerez de la Frontera,3,Spain,"Jerez de la Frontera, Cádiz",3
Hospital Moinhos de Vento,3,Brazil,"Porto Alegre, Rio Grande do Sul",3
Hospital Privado Universitario de Córdoba,3,Argentina,"Córdoba, Argentina",3
Hospital Pulau Pinang,3,Malaysia,"George Town, Pulau Pinang",3
Hospital Quirón Málaga,3,Spain,"Málaga, Spain",3
Hospital Son Llàtzer,3,Spain,"Palma, Illes Balears [Islas Baleares]",3
Hospital Tengku Ampuan Afzan,3,Malaysia,"Kuantan, Pahang",3
"Hospital Universitario ""Dr. Jose Eleuterio Gonzalez""",3,Mexico,"Monterrey, Nuevo León",3
Hospital Universitario Austral,3,Argentina,"Pilar, Buenos Aires",3
Hospital Universitario Lucus Augusti,3,Spain,"Lugo, Spain",3
Hospital Universitario Puerta de Hierro Majadahonda,3,Spain,"Majadahonda, Madrid, Comunidad de",3
Hospital Universitario Quiron Madrid,3,Spain,"Madrid, Spain",3
Hospital Universitario Virgen de Valme,3,Spain,"Seville, Spain",3
Hospital das Clínicas da Faculdade de Medicina de Ribeirão Preto da Universidade de São Paulo,3,Brazil,"Ribeirão Preto, São Paulo",3
Hospital of the University of Occupational and Environmental Health,3,Japan,"Kitakyushu, Fukuoka",3
Houston Methodist Hospital,3,United States,"Houston, Texas",3
Humanitas Gavazzeni,3,Italy,"Bergamo, Italy",3
Hyogo Cancer Center,3,Japan,"Akashi, Hyōgo",3
Hôpital Ambroise Paré,3,France,"Boulogne-Billancourt, Île-de-France Region",3
Hôpital Nord Guillaume,3,France,"Saint-Herblain, Loire-atlantique",3
IRCCS Ospedale San Raffaele,3,Italy,"Milan, Italy",3
Icon Cancer Centre Hobart,3,Australia,"Hobart, Australia",3
Ingalls Memorial Hospital,3,United States,"Harvey, Illinois",3
Instituto Argentino de Diagnóstico y Tratamiento,3,Argentina,"Buenos Aires, Argentina",3
Instituto Tumori Giovanni Paolo II,3,Italy,"Bari, Apulia",3
Instituto de Investigaciones Clínicas Mar del Plata,3,Argentina,"Mar del Plata, Buenos Aires",3
Instituto de Oncologia Saint Gallen,3,Brazil,"Santa Cruz do Sul, Rio Grande do Sul",3
"Institutul Oncologic Bucuresti ""Prof. Dr. Alexandru Trestioreanu""",3,Romania,"Bucharest, Bucharest",3
Instytut MSF Sp zoo,3,Poland,"Lodz, Łódź Voivodeship",3
Istituto Clinico Humanitas,3,Italy,"Rozzano, Milano",3
Istituto Europeo di Oncologia,3,Italy,"Milan, Italy",3
Iwate Medical University Hospital,3,Japan,"Shiwa-gun, Iwate",3
Jasz,3,Hungary,"Szolnok, Jász-Nagykun-Szolnok",3
Jefferson Cherry Hill Hospital,3,United States,"Cherry Hill, New Jersey",3
Jefferson Healthcare,3,United States,"Port Townsend, Washington",3
Jefferson Torresdale Hospital,3,United States,"Philadelphia, Pennsylvania",3
Jewish Hospital,3,United States,"Louisville, Kentucky",3
Jewish Hospital Medical Center South,3,United States,"Shepherdsville, Kentucky",3
John H Stroger Jr Hospital of Cook County,3,United States,"Chicago, Illinois",3
Kadlec Clinic Hematology and Oncology,3,United States,"Kennewick, Washington",3
Kansas City Veterans Affairs Medical Center,3,United States,"Kansas City, Missouri",3
Kantonsspital Baden,3,Switzerland,"Baden, Switzerland",3
Keimyung University Dongsan Hospital CRC room 1,3,South Korea,"Daegu, Taegu-Kwangyokshi",3
Klinikum Chemnitz gGmbH,3,Germany,"Chemnitz, Germany",3
Klinikum Esslingen,3,Germany,"Esslingen am Neckar, Baden-Wurttemberg",3
Klinikum Esslingen GmbH,3,Germany,"Esslingen am Neckar, Germany",3
Klinikum Kassel,3,Germany,"Kassel, Hesse",3
Kobe Minimally Invasive Cancer Center,3,Japan,"Kobe, Hyōgo",3
Konkuk University Medical Center,3,South Korea,"Seoul, Seoul-teukbyeolsi [Seoul]",3
Korea University Anam Hospital,3,South Korea,"Seoul, South Korea",3
Krankenhaus Nordwest GmbH,3,Germany,"Frankfurt am Main, Hesse",3
Kurashiki Central Hospital,3,Japan,"Kurashiki-shi, Okayama-ken",3
Kyoto University Hospital,3,Japan,"Kyoto, Japan",3
Kyungpook National University Chilgok Hospital,3,South Korea,"Daegu, Taegu-kwangyǒkshi",3
Lahey Clinic,3,United States,"Burlington, Massachusetts",3
Lahey Clinic Peabody,3,United States,"Peabody, Massachusetts",3
Lahey Hospital and Medical Center,3,United States,"Burlington, Massachusetts",3
Lahey Medical Center,3,United States,"Peabody, Massachusetts",3
Lakeview Hospital,3,United States,"Stillwater, Minnesota",3
Lenox Hill Hospital,3,United States,"New York, New York",3
Liaoning Cancer Hospital & Institute,3,China,"Shenyang, Liaoning",3
Liaoning Cancer Hospital and Institute,3,China,"Shenyang, Liaoning",4
Louisiana State University Health Science Center,3,United States,"New Orleans, Louisiana",3
Luminis Health Anne Arundel Medical Center,3,United States,"Annapolis, Maryland",3
Lungenklinik Hemer,3,Germany,"Hemer, North Rhine-Westphalia",3
Lyell McEwin Hospital,3,Australia,"Elizabeth Vale, South Australia",3
ME RIVNE REGIONAL ANTITUMOR CENTER,3,Ukraine,"Rivne, Rivne Oblast",3
MU Health,3,United States,"Columbia, Missouri",3
Maastricht UMC+,3,Netherlands,"Maastricht, Limburg",3
Macquarie University,3,Australia,"Macquarie Park, New South Wales",3
Maharaj Nakorn Chiang Mai Hospital,3,Thailand,"Chiang Mai, Thailand",3
MaineHealth Waldo Hospital,3,United States,"Belfast, Maine",3
Manhattan Eye Ear and Throat Hospital,3,United States,"New York, New York",3
Marietta Memorial Hospital,3,United States,"Marietta, Ohio",3
Mary Imogene Bassett Hospital,3,United States,"Cooperstown, New York",3
Masarykuv onkologicky ustav,3,Czechia,"Brno, Brno-mesto",3
Med,3,Poland,"Poznan, Greater Poland Voivodeship",3
MedStar Franklin Square Medical Center,3,United States,"Baltimore, Maryland",3
MedStar Georgetown University Hospital,3,United States,"Washington D.C., District of Columbia",3
Medical Oncology Associates,3,United States,"Spokane, Washington",3
Medical Oncology Hematology Consultants,3,United States,"Newark, Delaware",3
Medical Park Seyhan Hospital,3,Turkey (Türkiye),"Adana, Turkey (Türkiye)",3
Mercy Hospital Joplin,3,United States,"Joplin, Missouri",3
Mercy Infusion Center,3,United States,"St Louis, Missouri",3
Mercyhealth Hospital and Cancer Center,3,United States,"Janesville, Wisconsin",3
Methodist Jennie Edmundson Hospital,3,United States,"Council Bluffs, Iowa",3
MetroHealth Medical Center,3,United States,"Cleveland, Ohio",3
Metropolitan General Hospital,3,Greece,"Athens, Attikí",3
Michael E. DeBakey VA Medical Center,3,United States,"Houston, Texas",3
Midlands Community Hospital,3,United States,"Papillion, Nebraska",3
Midstate Medical Center,3,United States,"Meriden, Connecticut",3
Mie Chuo Medical Center,3,Japan,"Tsu, Mie-ken",3
Mills,3,United States,"Burlingame, California",3
Minneapolis VA Medical Center,3,United States,"Minneapolis, Minnesota",3
Minnesota Oncology Hematology,3,United States,"Burnsville, Minnesota",16
Mission Hope Medical Oncology,3,United States,"Arroyo Grande, California",6
Missouri Cancer Associates,3,United States,"Columbia, Missouri",3
Monmouth Medical Center,3,United States,"Long Branch, New Jersey",3
Monmouth Medical Center Southern Campus,3,United States,"Lakewood, New Jersey",3
Mount Carmel Health Center West,3,United States,"Columbus, Ohio",3
Mountain Blue Cancer Care Center,3,United States,"Englewood, Colorado",3
MultiCare Deaconess Cancer and Blood Specialty Center,3,United States,"Spokane, Washington",6
Mátrai Gyógyintézet,3,Hungary,"Gyöngyös - Mátraháza, Heves County",3
NEXT Austin,3,United States,"Austin, Texas",3
NHO Revive Research Institute,3,United States,"Lincoln, Nebraska",3
Nagasaki University Hospital,3,Japan,"Nagasaki, Japan",3
Nanfang Hospital of Southern Medical University,3,China,"Guangzhou, Guangdong",3
Nanjing First Hospital,3,China,"Nanjing, Jiangsu",3
National Cancer Institute,3,Malaysia,"Putrajaya, Kuala Lumpur",3
National Hospital Organization Himeji Medical Center,3,Japan,"Himeji, Hyōgo",3
National Hospital Organization Kyoto Medical Center,3,Japan,"Kyoto, Japan",3
National Hospital Organization Tokyo Medical Center,3,Japan,"Meguro City, Japan",3
National University Hospital,3,Singapore,"Singapore, Singapore",3
Nebraska Hematology,3,United States,"Lincoln, Nebraska",3
Nebraska Methodist Hospital,3,United States,"Omaha, Nebraska",3
Netherlands Cancer Institute,3,Netherlands,"Amsterdam, Netherlands",3
New England Cancer Specialists,3,United States,"Westbrook, Maine",3
New York Proton Center,3,United States,"New York, New York",3
Newark Radiation Oncology,3,United States,"Newark, Ohio",3
Newland Medical Associates,3,United States,"Clarkston, Michigan",6
Niigata Cancer Center Hospital,3,Japan,"Niigata, Japan",3
North Estonia Medical Centre Foundation,3,Estonia,"Talinn, Estonia",3
Northern Jiangsu People's Hospital,3,China,"Yangzhou, Jiangsu",3
Northwest Medical Specialties,3,United States,"Puyallup, Washington",7
Nottingham City Hospital,3,United Kingdom,"Nottingham, Nottinghamshire",3
Nouvel Hôpital Civil,3,France,"Strasbourg, Alsace",3
Novant Health Cancer Institute,3,United States,"Kernersville, North Carolina",22
Novant Health Presbyterian Medical Center,3,United States,"Charlotte, North Carolina",3
Novartis Investigative Site,3,Japan,"Groningen, Provincie Groningen",5
ONCOCENTRO APYS,3,Chile,"Viña del Mar, Valparaiso",3
OSF Saint Anthony Medical Center,3,United States,"Rockford, Illinois",3
OSF Saint Anthony's Health Center,3,United States,"Alton, Illinois",3
OSF Saint Francis Hospital and Medical Group,3,United States,"Escanaba, Michigan",3
OSF Saint Francis Radiation Oncology at Peoria Cancer Center,3,United States,"Peoria, Illinois",3
Odense Universitetshospital,3,Denmark,"Odense, Region Syddanmark",3
Oncology Associates PC,3,United States,"Omaha, Nebraska",3
Oncology Consultants P.A,3,United States,"Houston, Texas",3
Ordensklinikum Linz GmbH Elisabethinen,3,Austria,"Linz, Upper Austria",3
Orion Cancer Care,3,United States,"Findlay, Ohio",3
Osaka City General Hospital,3,Japan,"Osaka, Japan",3
Osaka Medical and Pharmaceutical University Hospital,3,Japan,"Takatsuki, Osaka",3
Osaka Metropolitan University Hospital,3,Japan,"Osaka, Japan",3
Ospedale Santa Maria delle Croci,3,Italy,"Ravenna, Emilia-Romagna",3
Our Lady of the Lake Physician Group,3,United States,"Baton Rouge, Louisiana",3
PCR Oncology,3,United States,"Arroyo Grande, California",3
Pacific Central Coast Health Center,3,United States,"San Luis Obispo, California",3
PeaceHealth Saint John Medical Center,3,United States,"Longview, Washington",3
PeaceHealth Saint Joseph Medical Center,3,United States,"Bellingham, Washington",3
PeaceHealth Southwest Medical Center,3,United States,"Vancouver, Washington",3
PeaceHealth United General Medical Center,3,United States,"Sedro-Woolley, Washington",3
Peninsula & South Eastern Haematology and Oncology Group,3,Australia,"Frankston, Victoria",3
Penobscot Bay Medical Center,3,United States,"Rockport, Maine",3
Petz Aladar Egyetemi Oktato Korhaz,3,Hungary,"Győr, Győr-Moson-Sopron",3
Pius Hospital Oldenburg,3,Germany,"Oldenburg, Lower Saxony",3
Pratia Onkologia Katowice,3,Poland,"Katowice, Poland",3
Presbyterian Intercommunity Hospital,3,United States,"Whittier, California",3
Presbyterian Kaseman Hospital,3,United States,"Albuquerque, New Mexico",3
Presbyterian Rust Medical Center,3,United States,"Rio Rancho, New Mexico",3
Providence Alaska Medical Center,3,United States,"Anchorage, Alaska",3
Providence Cancer Institute,3,United States,"Portland, Oregon",3
Providence Cancer Institute Clackamas Clinic,3,United States,"Clackamas, Oregon",3
Providence Cancer Institute Franz Clinic,3,United States,"Portland, Oregon",3
Providence Regional Cancer Partnership,3,United States,"Everett, Washington",3
Providence Regional Cancer System,3,United States,"Aberdeen, Washington",13
Providence Saint Joseph Medical Center,3,United States,"Burbank, California",3
Providence Saint Mary Regional Cancer Center,3,United States,"Walla Walla, Washington",3
Pusan National University Hospital,3,South Korea,"Busan, Pusan-Kwangyǒkshi",3
Qilu Hospital of Shandong University,3,China,"Jinan, Shandong",3
Radboud University Medical Center,3,Netherlands,"Nijmegen, Netherlands",3
Radboudumc,3,Netherlands,"Nijmegen, Gelderland",3
Radiology,3,United Kingdom,"London, United Kingdom",3
Rajavithi Hospital,3,Thailand,"Ratchathewi, Thailand",3
Rajiv Gandhi Cancer Institute And Research Centre,3,India,"New Delhi, National Capital Territory of Delhi",3
Reid Health,3,United States,"Richmond, Indiana",3
Renovatio Clinical,3,United States,"El Paso, Texas",6
Rice Memorial Hospital,3,United States,"Willmar, Minnesota",3
Robert,3,Germany,"Stuttgart, Baden-Wurttemberg",3
Rose Medical Center,3,United States,"Denver, Colorado",3
Royal Hobart Hospital,3,Australia,"Hobart, Tasmania",3
Royal Melbourne Hospital,3,Australia,"Parkville, Victoria",3
Royal North Shore Hospital,3,Australia,"St Leonards, New South Wales",3
S.C. Centrul de Oncologie Euroclinic S.R.L,3,Romania,"Iași, Romania",3
SC ONCO CARD SRL,3,Romania,"Brasov, Romania",3
SIH Cancer Institute,3,United States,"Carterville, Illinois",3
START Madrid,3,Spain,"Madrid, Spain",4
START New York Long Island,3,United States,"Lake Success, New York",3
START Rioja,3,Spain,"Piqueras, Spain",3
SUNY Upstate Medical Center,3,United States,"Syracuse, New York",3
Sahlgrenska Universitetssjukhuset,3,Sweden,"Gothenburg, Västra Götalands LÄN [se-14]",3
Sahyadri Super Speciality Hospital,3,India,"Pune, Maharashtra",3
Saint Agnes Hospital,3,United States,"Baltimore, Maryland",4
Saint Anthony Regional Hospital,3,United States,"Carroll, Iowa",3
Saint Charles Health System,3,United States,"Bend, Oregon",6
Saint Elizabeth Boardman Hospital,3,United States,"Boardman, Ohio",3
Saint Elizabeth Regional Medical Center,3,United States,"Lincoln, Nebraska",3
Saint John's Hospital,3,United States,"Maplewood, Minnesota",3
Saint Joseph Hospital,3,United States,"Orange, California",5
Saint Joseph Warren Hospital,3,United States,"Warren, Ohio",3
Saint Luke's South Hospital,3,United States,"Overland Park, Kansas",3
Saint Mary's Hospital and Regional Medical Center,3,United States,"Grand Junction, Colorado",3
Saint Patrick Hospital,3,United States,"Missoula, Montana",3
Saint Rita's Medical Center,3,United States,"Lima, Ohio",3
Saints Mary and Elizabeth Hospital,3,United States,"Louisville, Kentucky",3
Saiseikai Matsusaka Municipal Hospital,3,Japan,"Matsusaka, Mie-ken",3
Sanatorio Británico,3,Argentina,"Rosario, Santa Fe Province",3
Sanford Cancer Center,3,United States,"Sioux Falls, South Dakota",3
Sanford Medical Center Fargo,3,United States,"Fargo, North Dakota",3
Sanford South University Medical Center,3,United States,"Fargo, North Dakota",3
Sanford Thief River Falls Medical Center,3,United States,"Thief River Falls, Minnesota",3
Shanxi Provincial Cancer Hospital,3,China,"Taiyuan, Shanxi",3
Shenandoah Oncology,3,United States,"Winchester, Virginia",3
Sibley Memorial Hospital,3,United States,"Washington D.C., District of Columbia",3
Sidney Kimmel Cancer Center Washington Township,3,United States,"Sewell, New Jersey",3
Sir Charles Gairdner Hospital,3,Australia,"Nedlands, Western Australia",3
South Carolina Cancer Specialists PC,3,United States,"Hilton Head Island, South Carolina",3
South Pointe Hospital,3,United States,"Warrensville Heights, Ohio",3
Southeastern Medical Oncology Center,3,United States,"Clinton, North Carolina",9
Southeastern Regional Medical Center,3,United States,"Newnan, Georgia",3
Southpointe,3,United States,"Fargo, North Dakota",3
Specialized Hospital for Active Treatment of Oncology,3,Bulgaria,"Haskovo, Bulgaria",3
Spitalul Municipal Schuller Ploiești,3,Romania,"Ploieşti, Romania",3
Springfield Regional Medical Center,3,United States,"Springfield, Ohio",3
St Bartholomew's Hospital,3,United Kingdom,"London, London, CITY of",3
St Vincent's Hospital,3,Australia,"Melbourne, Victoria",3
St. Vincent Frontier Cancer Center,3,United States,"Billings, Montana",3
Stephenson Cancer Center,3,United States,"Oklahoma City, Oklahoma",3
Sun yat,3,China,"Guangzhou, Guangdong",3
Sunshine Coast University Hospital,3,Australia,"Birtinya, Queensland",3
Sutter Cancer Centers Radiation Oncology Services,3,United States,"Roseville, California",7
Szpital Specjalistyczny w Prabutach Spolka z o.o,3,Poland,"Prabuty, Pomeranian Voivodeship",3
Tan Tock Seng Hospital,3,Singapore,"Singapore, Singapore",3
Taylor Cancer Research Center,3,United States,"Maumee, Ohio",3
Tennessee Cancer Specialists,3,United States,"Knoxville, Tennessee",3
The Affiliated Hospital of Qingdao University,3,China,"Qingdao, China",3
The Cancer Institute Hospital of JFCR,3,Japan,"Koto-ku, Tokyo",3
The Carle Foundation Hospital,3,United States,"Urbana, Illinois",3
The First Affiliated Hospital of China Medical University,3,China,"Shengyang, Liaoning",3
The First People's Hospital of Foshan,3,China,"Foshan, China",3
The First affiliated hospital of Nanchang University,3,China,"Nanchang, Jiangxi",3
The Harley Street Clinic,3,United Kingdom,"London, United Kingdom",4
The Melanoma and Skin Cancer Institute,3,United States,"Englewood, Colorado",3
The Netherlands Cancer Institute,3,Netherlands,"Amsterdam, Netherlands",3
The Oncology Institute of Hope and Innovation,3,United States,"Fort Lauderdale, Florida",3
The Second Affiliated Hospital Zhejiang University School of Medicine,3,China,"Hangzhou, China",3
The Second Affiliated Hospital of Air Force Medical University,3,China,"Xian, Shanxi",4
The University of Arizona Cancer Center,3,United States,"Tucson, Arizona",4
The University of Osaka Hospital,3,Japan,"Suita, Osaka",3
The Women's Imaging Center,3,United States,"Denver, Colorado",3
ThedaCare Regional Medical Center,3,United States,"Neenah, Wisconsin",3
Thoraxklinik Heidelberg gGmbH,3,Germany,"Heidelberg, Baden-Wurttemberg",3
TidalHealth Nanticoke,3,United States,"Seaford, Delaware",3
TidalHealth Peninsula Regional,3,United States,"Salisbury, Maryland",3
TidalHealth Richard A Henson Cancer Institute,3,United States,"Ocean Pines, Maryland",3
Toho University Omori Medical Center,3,Japan,"Ōta-ku, Tokyo",3
Tohoku University Hospital,3,Japan,"Sendai, Miyagi",3
Tongji Hospital Tongji Medical College of Hust,3,China,"Wuhan, Hubei",3
Trakia Hospital,3,Bulgaria,"Stara Zagora, Bulgaria",3
Trinity's Tony Teramana Cancer Center,3,United States,"Steubenville, Ohio",3
Turku University Hospital,3,Finland,"Turku, Southwest Finland",3
UC Comprehensive Cancer Center at Silver Cross,3,United States,"New Lenox, Illinois",3
UC San Diego Medical Center,3,United States,"San Diego, California",6
UCHealth Lone Tree Health Center,3,United States,"Lone Tree, Colorado",3
UM Upper Chesapeake Medical Center,3,United States,"Bel Air, Maryland",3
UNIVERSITY HOSPITAL OF PATRAS,3,Greece,"Pátrai, Achaia",3
UPMC Altoona,3,United States,"Altoona, Pennsylvania",3
UPMC Hillman Cancer Center at Butler Health System,3,United States,"Butler, Pennsylvania",3
UPMC Memorial,3,United States,"York, Pennsylvania",3
UPMC Susquehanna,3,United States,"Williamsport, Pennsylvania",3
UPMC West Mifflin,3,United States,"West Mifflin, Pennsylvania",3
US Oncology Investigational Product Center,3,United States,"Irving, Texas",3
US Oncology Investigational Products Center,3,United States,"Irving, Texas",5
USC Norris Comprehensive Cancer Center,3,United States,"Los Angeles, California",3
UZ Brussel,3,Belgium,"Brussels, Bruxelles-Capitale, Région de",3
United Hospital Center,3,United States,"Bridgeport, West Virginia",3
Unity Hospital,3,United States,"Fridley, Minnesota",3
Universitaetsklinikum Carl Gustav Carus Dresden,3,Germany,"Dresden, Germany",3
Universitaetsklinikum Essen,3,Germany,"Essen, Germany",3
Universitaetsklinikum Wuerzburg,3,Germany,"Würzburg, Germany",3
University Hospital Southampton NHS Foundation Trust,3,United Kingdom,"Southampton, United Kingdom",3
University Hospitals Birmingham NHS Foundation Trust,3,United Kingdom,"Birmingham, United Kingdom",3
University Malaya Medical Centre,3,Malaysia,"Lembah Pantai, Kuala Lumpur",3
University of Illinois,3,United States,"Chicago, Illinois",3
University of Kentucky Chandler Medical Center,3,United States,"Lexington, Kentucky",3
University of Miami,3,United States,"Miami, Florida",3
University of Nebraska Medical Center,3,United States,"Omaha, Nebraska",3
University of Pittsburgh Cancer Institute,3,United States,"Pittsburgh, Pennsylvania",3
University of Southern California,3,United States,"Los Angeles, California",3
University of Virginia,3,United States,"Charlottesville, Virginia",3
Universitätsklinikum Essen,3,Germany,"Essen, North Rhine-Westphalia",3
Upstate Cancer Center at Oswego,3,United States,"Oswego, New York",3
Upstate Cancer Center at Verona,3,United States,"Verona, New York",3
VA Palo Alto Health Care System,3,United States,"Palo Alto, California",3
Vaasan Keskussairaala,3,Finland,"Vaasa, Pohjanmaa",3
Valkyrie Clinical Trials,3,United States,"Los Angeles, California",4
Valley Health System Ridgewood Campus,3,United States,"Ridgewood, New Jersey",3
Valley Radiation Oncology,3,United States,"Peru, Illinois",3
Velindre Cancer Centre,3,United Kingdom,"Cardiff, United Kingdom",3
Veteran Administration Eastern Kansas Healthcare,3,United States,"Leavenworth, Kansas",3
Veterans Affairs Connecticut Healthcare System,3,United States,"West Haven, Connecticut",3
Virginia Commonwealth University,3,United States,"Richmond, Virginia",3
Virginia Mason Medical Center,3,United States,"Seattle, Washington",3
Vseobecna fakultni nemocnice v Praze,3,Czechia,"Prague, Czechia",3
WVUH,3,United States,"Martinsburg, West Virginia",3
Walter Knox Memorial Hospital,3,United States,"Emmett, Idaho",3
Warmińsko,3,Poland,"Olsztyn, Warmian-Masurian Voivodeship",3
Wayne Hospital,3,United States,"Greenville, Ohio",3
Wayne State University,3,United States,"Detroit, Michigan",3
Welch Cancer Center,3,United States,"Sheridan, Wyoming",3
West Virginia University Charleston Division,3,United States,"Charleston, West Virginia",3
Western General Hospital,3,United Kingdom,"Edinburgh, United Kingdom",3
Western Illinois Cancer Treatment Center,3,United States,"Galesburg, Illinois",3
Weston Park Hospital,3,United Kingdom,"Sheffield, United Kingdom",3
Wheeling Hospital,3,United States,"Wheeling, West Virginia",3
White River Junction Veteran Administration Medical Center,3,United States,"White River Junction, Vermont",3
Wilmot Cancer Institute at Webster,3,United States,"Webster, New York",3
Xuzhou Central Hospital,3,China,"Xuzhou, China",3
Yamagata University Hospital,3,Japan,"Yamagata, Yamagata",3
Zhongnan Hospital of Wuhan University,3,China,"Wuhan, Hubei",3
Zhongshan Hospital,3,China,"Shanghai, Shanghai Municipality",3
2nd Affiliated Hospital,2,China,"Hangzhou, Zhejiang",2
A. C. Camargo Cancer Center,2,Brazil,"São Paulo, São Paulo",2
A.O.R.N. Ospedale dei Colli,2,Italy,"Naples, Napoli",2
ANIMI,2,Brazil,"Lages, Santa Catarina",2
AO Santa Maria della Misericordia,2,Italy,"Perugia, Umbria",2
AZ Delta,2,Belgium,"Roeselare, Belgium",2
Accellacare of Duly,2,United States,"Lisle, Illinois",2
Adana City Hospital,2,Turkey (Türkiye),"Adana, Turkey (Türkiye)",2
Adana City Training and Research Hospital,2,Turkey (Türkiye),"Adana, Turkey (Türkiye)",2
Adana Sehir Egitim ve Arastirma Hastanesi,2,Turkey (Türkiye),"Adana, Turkey (Türkiye)",2
Advanced Breast Care Center PLLC,2,United States,"Warren, Michigan",2
Advent Health,2,United States,"Orlando, Florida",2
AdventHealth Hendersonville,2,United States,"Hendersonville, North Carolina",2
Affiliated Cancer Hospital and Institute of Guangzhou Medical University,2,China,"Guangzhou, China",2
Akershus Universitetssykehus,2,Norway,"Lørenskog, Akershus",2
All India Institute of Medical Sciences,2,India,"New Delhi, National Capital Territory of Delhi",2
Alliance for Childhood Diseases,2,United States,"Las Vegas, Nevada",2
Alliance for Multispecialty Research,2,United States,"Kansas City, Missouri",2
Allina Health Cancer Institute,2,United States,"Saint Paul, Minnesota",5
Altru Health System,2,United States,"Grand Forks, North Dakota",2
Amsterdam UMC,2,Netherlands,"Amsterdam, North Holland",2
Anhui Chest Hospital,2,China,"Hefei, Anhui",2
Ankara City Hospital,2,Turkey (Türkiye),"Ankara, Turkey (Türkiye)",2
Ankara University Health Practice and Research Hospitals,2,Turkey (Türkiye),"Ankara, Turkey (Türkiye)",2
Ann M Wierman MD LTD,2,United States,"Las Vegas, Nevada",2
Annie Penn Memorial Hospital,2,United States,"Reidsville, North Carolina",2
Antoni van Leeuwenhoek,2,Netherlands,"Amsterdam, Netherlands",2
Anyang Tumor Hospital,2,China,"Anyang, Henan",2
Aomori Prefectural Central Hospital,2,Japan,"Aomori, Japan",2
Arké SMO S.A. de C.V,2,Mexico,"Distrito Federal, Mexico",2
Army Medical Center,2,China,"Chongqing, Chongqing Municipality",2
Arnot Ogden Medical Center,2,United States,"Elmira, New York",2
Arthur J.E. Child Comprehensive Cancer Centre,2,Canada,"Calgary, Alberta",2
Ascension All Saints Hospital,2,United States,"Racine, Wisconsin",2
Ascension Calumet Hospital,2,United States,"Chilton, Wisconsin",2
Ascension Columbia Saint Mary's Hospital,2,United States,"Milwaukee, Wisconsin",3
Ascension Southeast Wisconsin Hospital,2,United States,"Brookfield, Wisconsin",5
Asklepios Klinik Gauting GmbH,2,Germany,"Gauting, Bavaria",2
Asplundh Cancer Pavilion,2,United States,"Willow Grove, Pennsylvania",2
Assistance Publique,2,France,"Marseille, France",2
Atlanta VA Medical Center,2,United States,"Decatur, Georgia",2
Atlantic Health Morristown Medical Center,2,United States,"Morristown, New Jersey",2
Augusta,2,Germany,"Bochum, North Rhine-Westphalia",2
Augusta University Medical Center,2,United States,"Augusta, Georgia",2
Aultman Alliance Community Hospital,2,United States,"Alliance, Ohio",2
Ausl Della Romagna,2,Italy,"Ravenna, Italy",2
Axis Heilsa S. de R.L. de C.V,2,Mexico,"Monterrey, Nuevo León",2
Azienda Ospedaliera Complesso Ospedaliero San Giovanni,2,Italy,"Rome, Roma",2
Azienda Ospedaliera San Giuseppe Moscati,2,Italy,"Avellino, Italy",2
Azienda Ospedaliera Universitaria,2,Italy,"Naples, Italy",2
Azienda Ospedaliera Universitaria Luigi Vanvitelli,2,Italy,"Naples, Italy",2
Azienda Ospedaliera di Perugia,2,Italy,"Perugia, Italy",2
Azienda Ospedaliero Universitaria Careggi,2,Italy,"Florence, Italy",2
Azienda Ospedaliero Universitaria delle Marche,2,Italy,"Ancona, Italy",2
Azienda Ospedaliero Universitaria di Parma,2,Italy,"Parma, Italy",2
Azienda Sanitaria Territoriale Pesaro Urbino,2,Italy,"Pesaro, Italy",2
Azienda Socio Sanitaria Territoriale Papa Giovanni XXIII,2,Italy,"Bergamo, Lombardy",2
Azienda Socio Sanitaria Territoriale di Cremona,2,Italy,"Cremona, Italy",2
Banner North Colorado Medical Center,2,United States,"Greeley, Colorado",4
Baptist Health Corbin,2,United States,"Corbin, Kentucky",2
Baptist Health Floyd,2,United States,"New Albany, Indiana",2
Baptist Health Hamburg,2,United States,"Lexington, Kentucky",2
Baptist Health Louisville,2,United States,"Louisville, Kentucky",2
Baptist Health Paducah,2,United States,"Paducah, Kentucky",2
Barts Health NHS Trust,2,United Kingdom,"London, United Kingdom",2
Barwon Health,2,Australia,"Geelong, Victoria",2
Basavatarakam Indo American Cancer Hospital & Research Institute,2,India,"Hyderabad, India",2
Beacon Cancer Care,2,United States,"Post Falls, Idaho",2
Beacon Kalamazoo Cancer Center,2,United States,"Kalamazoo, Michigan",2
Beijing Chest Tumor Hospital,2,China,"Beijing, Beijing Municipality",2
Beijing GoBroad Hospital,2,China,"Beijing, Beijing Municipality",2
Beijing Tiantan Hospital,2,China,"Beijing, Beijing Municipality",2
Bellin Memorial Hospital,2,United States,"Green Bay, Wisconsin",2
Ben Taub General Hospital,2,United States,"Houston, Texas",2
Bhakti Vedanta Hospital and Research Institute,2,India,"Thane, Maharashtra",2
Bialostockie Centrum Onkologii,2,Poland,"Bialystok, Podlaskie Voivodeship",2
Blue Ridge Cancer Care,2,United States,"Roanoke, Virginia",2
Bon Secours Cancer Institute at Reynolds Crossing,2,United States,"Richmond, Virginia",2
Bon Secours Memorial Regional Medical Center,2,United States,"Mechanicsville, Virginia",2
Bon Secours Saint Francis Medical Center,2,United States,"Midlothian, Virginia",2
Bon Secours Saint Mary's Hospital,2,United States,"Richmond, Virginia",2
Bon Secours Westchester Emergency Center,2,United States,"Midlothian, Virginia",2
Boramae Medical Center,2,South Korea,"Dongjak-gu, Seoul-teukbyeolsi [seoul]",2
Boston Medical Center,2,United States,"Boston, Massachusetts",2
Brigitte Harris Cancer Pavilion,2,United States,"Detroit, Michigan",2
Bristol Haematology and Oncology Centre,2,United Kingdom,"Bristol, United Kingdom",2
Bundeswehrkrankenhaus Ulm,2,Germany,"Ulm, Baden-Wurttemberg",2
CEDOES,2,Brazil,"Vitória, Espírito Santo",2
CHI Saint Vincent Cancer Center Hot Springs,2,United States,"Hot Springs, Arkansas",2
CHU Lille,2,France,"Lille, NORD",2
CHU de Bordeaux,2,France,"Pessac, France",2
CRO,2,Italy,"Aviano, Friuli Venezia Giulia",2
CTCA at Western Regional Medical Center,2,United States,"Goodyear, Arizona",2
Calvary Mater Newcastle,2,Australia,"Waratah, New South Wales",2
Cancer Care Associates Of York,2,United States,"York, Pennsylvania",2
Cancer Centers of Colorado St. Mary's Regional Hospital,2,United States,"Grand Junction, Colorado",2
Cancer Hospital Chinese Academy Of Medical Sciences,2,China,"Beijing, Beijing Municipality",2
Cancer Hospital Chinese Academy Of medical Sciences Shenzhen Center,2,China,"Shenzhen, Guangdong",2
Cancer Treatment Centers of America,2,United States,"Zion, Illinois",2
Cancer and Blood Specialists,2,United States,"Henderson, Nevada",4
Cancer and Blood Specialty Clinic,2,United States,"Los Alamitos, California",2
CancerCare Manitoba,2,Canada,"Winnipeg, Manitoba",2
Cardiomed SRL Cluj,2,Romania,"Cluj-Napoca, Cluj",2
Caritas Hospital,2,India,"Kerala, India",2
CaroMont Regional Medical Center,2,United States,"Gastonia, North Carolina",2
Carolinas Medical Center,2,United States,"Charlotte, North Carolina",2
Carson Tahoe Regional Medical Center,2,United States,"Carson City, Nevada",2
Central Alabama Research,2,United States,"Birmingham, Alabama",2
Centre Francois Baclesse,2,France,"Caen, France",2
Centre François Baclesse,2,France,"Caen, Calvados",2
Centre Hospitalier,2,France,"Le Mans, France",4
Centre Hospitalier Intercommunal de Creteil,2,France,"Créteil, France",2
Centre Hospitalier Régional Universitaire de Tours,2,France,"Tours, France",2
Centre Hospitalier Universitaire,2,France,"Dijon, France",3
Centre Hospitalier Universitaire d'Angers,2,France,"Angers, Maine-et-Loire",2
Centre Hospitalier Universitaire de Bordeaux,2,France,"Bordeaux, France",2
Centre Hospitalier Universitaire de Caen,2,France,"Caen, Calvados",2
Centre Hospitalier d'Avignon,2,France,"Avignon, Vaucluse",2
Centre Hospitalier de Cornouaille Quimper,2,France,"Quimper, France",2
Centre Hospitalier de la Cote Basque,2,France,"Bayonne, France",2
Centre de Services Ambulatoire de St,2,Canada,"Saint-Jérôme, Quebec",2
Centre intégré de cancérologie du CHU de Québec Université Laval,2,Canada,"Québec, Canada",2
Centro Hospitalar do Porto,2,Portugal,"Porto, Portugal",2
Centro Medico de Enfermedades Respiratorias,2,Argentina,"Florida, Buenos Aires",2
Centro de Investigación Pergamino,2,Argentina,"Pergamino, Buenos Aires",2
Centro de Oncologia,2,Brazil,"São Caetano do Sul, São Paulo",2
Centro de Oncología de Precisión,2,Chile,"Santiago, Region M. de Santiago",2
Centrul de Oncologie Sfantul Nectarie,2,Romania,"Craiova, Dolj",2
Centrum Badań Klinicznych Jagiellońskie Centrum Innowacji sp. z o.o,2,Poland,"Krakow, Lesser Poland Voivodeship",2
Centrum Medyczne Pratia Poznań,2,Poland,"Poznan, Greater Poland Voivodeship",2
Cha Bundang Medical Center,2,South Korea,"Seongnam, South Korea",2
Chao Family Comprehensive Cancer Center and Ambulatory Care,2,United States,"Irvine, California",2
Charing Cross Hospital,2,United Kingdom,"London, Greater London",2
Charite,2,Germany,"Berlin, Germany",2
Charité,2,Germany,"Berlin, Germany",2
Cheyenne Regional Medical Center,2,United States,"Cheyenne, Wyoming",2
China,2,China,"Beijing, Beijing Municipality",2
Chu Gabriel Montpied,2,France,"Clermont-Ferrand, France",2
Chu Helora Hospital La Louvière Site Jolimont,2,Belgium,"La Louvière, Belgium",2
Chu Nantes,2,France,"Nantes, France",2
Chungnam National University Hospital,2,South Korea,"Daejeon, South Korea",2
Churchill Hospital,2,United Kingdom,"Oxford, Oxfordshire",2
Clatterbridge Cancer Centre,2,United Kingdom,"Liverpool, United Kingdom",2
Clinica Amo,2,Brazil,"Salvador, Estado de Bahia",2
Clinica Colsanitas S.A,2,Colombia,"Bogotá, Bogota D.C.",2
Clinica Integral Internacional de Oncología,2,Mexico,"Puebla City, Mexico",2
Clinique Teissier Groupe,2,France,"Valenciennes, Nord",2
Clinique de l'Europe,2,France,"Amiens, Somme",2
Cliniques universitaires Saint,2,Belgium,"Brussels, Bruxelles-Capitale, Région de",2
Clínica RedSalud Vitacura,2,Chile,"Santiago, Region M. de Santiago",2
Clínica de Oncologia Reichow,2,Brazil,"Blumenau, Santa Catarina",2
CommonSpirit Saint Anthony Hospital Cancer Center,2,United States,"Lakewood, Colorado",2
CommonSpirit Saint Joseph Hospital,2,United States,"Bardstown, Kentucky",2
CommonSpirit Saint Joseph Hospital London,2,United States,"London, Kentucky",2
CommonSpirit Saint Joseph Medical Center,2,United States,"Lexington, Kentucky",2
Communal Non,2,Ukraine,"Ivano-Frankivsk, Ivano-Frankivsk Oblast",2
Community Cancer Institute,2,United States,"Clovis, California",2
Community Clinical Trials,2,United States,"Kingwood, Texas",2
Complejo Hospitalario Universitario Insular Materno Infantil,2,Spain,"Las Palmas de Gran Canaria, Spain",2
Cone Health Cancer Center,2,United States,"Greensboro, North Carolina",2
Cone Health Cancer Center at Alamance Regional,2,United States,"Burlington, North Carolina",2
Cone Health Cancer Center at Asheboro,2,United States,"Asheboro, North Carolina",2
Cone Health Cancer Center at Drawbridge Parkway,2,United States,"Greensboro, North Carolina",2
Cone Health MedCenter Asheboro,2,United States,"Asheboro, North Carolina",2
Cone Heath Cancer Center at Mebane,2,United States,"Mebane, North Carolina",2
Contra Costa Regional Medical Center,2,United States,"Martinez, California",2
Cooper Hospital University Medical Center,2,United States,"Camden, New Jersey",2
Corewell Health Dearborn Hospital,2,United States,"Dearborn, Michigan",2
Corewell Health Farmington Hills Hospital,2,United States,"Farmington Hills, Michigan",2
Cotton O'Neil Cancer Center,2,United States,"Topeka, Kansas",2
Crio,2,Brazil,"Fortaleza, Ceará",2
Curie Oncology,2,Singapore,"Singapore, Singapore",2
Delta Health Care SRL,2,Romania,"Bucharest, Romania",2
Detecta Clínica,2,Peru,"Lima, Peru",2
Diagnostic Centre,2,United Kingdom,"London, United Kingdom",2
Dickstein Cancer Treatment Center,2,United States,"White Plains, New York",2
Dicle Üniversitesi,2,Turkey (Türkiye),"Diyarbakır, Turkey (Türkiye)",2
Dokkyo Medical University Hospital,2,Japan,"Shimotsuga-gun, Tochigi",2
Dolnoslaskie Centrum Onkologii,2,Poland,"Wroclaw, Poland",2
Dr. Abdurrahman Yurtaslan Ankara Onkoloji Egitim ve Arastırma Hastanesi,2,Turkey (Türkiye),"Ankara, Turkey (Türkiye)",2
ETZ Elisabeth,2,Netherlands,"Tilburg, Netherlands",2
Eastern Health,2,Australia,"Box Hill, Victoria",2
Eastern Maine Medical Center,2,United States,"Bangor, Maine",2
Eden Hospital Medical Center,2,United States,"Castro Valley, California",2
Edward,2,United States,"Elmhurst, Illinois",3
Ellis Fischel Cancer Center,2,United States,"Columbia, Missouri",2
Englewood Hospital and Medical Center,2,United States,"Englewood, New Jersey",2
Enloe Medical Center,2,United States,"Chico, California",2
Ephrata Community Hospital,2,United States,"Ephrata, Pennsylvania",2
Erciyes Universitesi Tıp Fakultesi Hastaneleri,2,Turkey (Türkiye),"Kayseri, Turkey (Türkiye)",2
Essentia Health Saint Mary's,2,United States,"Detroit Lakes, Minnesota",2
FHCC Overlake,2,United States,"Bellevue, Washington",2
FHCC at EvergreenHealth,2,United States,"Kirkland, Washington",2
FHCC at Northwest Hospital,2,United States,"Seattle, Washington",2
FUNDACION CTIC CENTRO DE TRATAMIENTO E INVESTIGACION SOBRE CANCER LUIS CARLOS SARMIENTO ANGULO,2,Colombia,"Bogotá, Bogota D.C.",2
Faculty of Medicine Siriraj Hospital,2,Thailand,"Bangkoknoi, Bangkok",2
Fakultna nemocnica s poliklinikou Nove Zamky,2,Slovakia,"Nové Zámky, Slovakia",2
Fakultni Thomayerova nemocnice,2,Czechia,"Prague, Praha 4",2
Flaget Memorial Hospital,2,United States,"Bardstown, Kentucky",2
Florida Cancer Affiliates,2,United States,"Panama City, Florida",2
Fondazione IRCCS Istituto Nazionale Dei Tumori,2,Italy,"Milan, Lombardy",2
Fondazione Policlinico Universitario Campus Bio,2,Italy,"Roma, Italy",2
Fort Wayne Medical Oncology and Hematology,2,United States,"Fort Wayne, Indiana",2
Franciscan Health Mooresville,2,United States,"Mooresville, Indiana",2
Franciscan Research Center,2,United States,"Tacoma, Washington",2
Frankston Hospital,2,Australia,"Frankston, Victoria",2
Freeman Physician Group of Pittsburg,2,United States,"Pittsburg, Kansas",2
Froedtert Menomonee Falls Hospital,2,United States,"Menomonee Falls, Wisconsin",2
Froedtert West Bend Hospital,2,United States,"West Bend, Wisconsin",2
Fujian Province Cancer Hospital,2,China,"Fuzhou, Fujian",2
Fujian cancer Hospital,2,China,"Fuzhou, Fujian",2
Fujieda Municipal General Hospital,2,Japan,"Fujieda, Shizuoka",2
Fukushima Medical University Hospital,2,Japan,"Fukushima, Japan",2
Fundacao Champalimaud,2,Portugal,"Lisbon, Portugal",2
Fundacao Faculdade Regional de Medicina de Sao Jose do Rio Preto,2,Brazil,"São José do Vale do Rio Preto, Brazil",2
Fundacao Pio XII,2,Brazil,"Barretos, São Paulo",2
Fundacion Arturo Lopez Perez,2,Chile,"Providencia, Santiago Metropolitan",2
Fundación Instituto Valenciano de Oncología,2,Spain,"Valencia, Valenciana, Comunitat",2
Fundación Privada Instituto de Investigación Oncológica de Vall Hebron,2,Spain,"Barcelona, Other",2
Fundación Respirar,2,Argentina,"Ciudad Autónoma de Buenos Aires, Buenos Aires",2
Gabrail Cancer Center,2,United States,"Canton, Ohio",2
Gazi University Health Research and Application Center Gazi Hospital,2,Turkey (Türkiye),"Ankara, Turkey (Türkiye)",2
Geauga Hospital,2,United States,"Chardon, Ohio",2
Gemeinschaftspraxis für Hämatologie und Onkologie Münster,2,Germany,"Münster, North Rhine-Westphalia",2
GenesisCare North Shore,2,Australia,"Sydney, New South Wales",2
Georgetown Lombardi Comprehensive Cancer Center,2,United States,"Washington D.C., District of Columbia",2
Georgetown University,2,United States,"Washington D.C., District of Columbia",2
Goztepe Prof. Dr. Suleyman Yalcin City Hospital,2,Turkey (Türkiye),"Kadıköy, Turkey (Türkiye)",2
Groupe Hospitalier Paris Saint,2,France,"Paris, Île-de-France Region",2
Grupo Ollin Care,2,Mexico,"Pachuca, Hidalgo",2
Guangdong Provincial Hospital of Chinese Medicine,2,China,"Guangzhou, Guangdong",2
Guangdong Provincial Perople's Hospital,2,China,"Guangzhou, Other (Non U.s.)",2
Guangxi Medical University Cancer Hospital,2,China,"Nanning, Guangxi Zhuang",2
Gulhane Training and Research Hospital,2,Turkey (Türkiye),"Ankara, Turkey (Türkiye)",2
Guy's & St Thomas' NHS Foundation Trust,2,United Kingdom,"London, London, City of",2
Gympie Hospital,2,Australia,"Gympie, Queensland",2
HFR Fribourg,2,Switzerland,"Fribourg, Switzerland",2
HOSPITAL UNIVERSITARIO PUERTA DE HIERRO MAJADAHONDA,2,Spain,"Majadahonda, Madrid, Comunidad de",2
HSHS Sacred Heart Hospital,2,United States,"Eau Claire, Wisconsin",2
Hacettepe Universitesi Tip Fakultesi Hastanesi,2,Turkey (Türkiye),"Ankara, Turkey (Türkiye)",2
Hadassah Medical Organization,2,Israel,"Jerusalem, Israel",2
Hamamatsu University Hospital,2,Japan,"Hamamatsu, Shizuoka",2
Hattiesburg Clinic,2,United States,"Hattiesburg, Mississippi",2
Hattiesburg Clinic Hematology,2,United States,"Hattiesburg, Mississippi",2
Hawaii Diagnostic Radiology Services LLC,2,United States,"Honolulu, Hawaii",2
HealthCare Partners Medical Group Oncology,2,United States,"Las Vegas, Nevada",7
Hematology,2,United States,"East Syracuse, New York",2
Hematology Oncology Associates of Rockland,2,United States,"Nyack, New York",2
Hendrick Medical Center,2,United States,"Abilene, Texas",2
Henry Dunant Hospital Center,2,Greece,"Athens, Greece",2
Henry Ford Cancer,2,United States,"Detroit, Michigan",2
Henry Ford Macomb Health Center,2,United States,"Shelby, Michigan",2
Herlev and Gentofte Hospital,2,Denmark,"Copenhagen, Capital Region",2
Hickman Cancer Center,2,United States,"Adrian, Michigan",2
Highline Medical Center,2,United States,"Burien, Washington",2
Hiroshima City Hiroshima Citizens Hospital,2,Japan,"Hiroshima, Japan",2
Hong Kong United Oncology Centre,2,Hong Kong,"Kowloon, Hong Kong",2
Hope Cancer Care of Nevada,2,United States,"Las Vegas, Nevada",4
Hopital Larrey,2,France,"Toulouse, France",2
Hosp. Univ. 12 de Octubre,2,Spain,"Madrid, Spain",2
Hosp. Univ. I Politecni La Fe,2,Spain,"Valencia, Spain",2
Hospital Aleman,2,Argentina,"Buenos Aires, Argentina",2
Hospital Britanico de Buenos Aires,2,Argentina,"Ciudad Autonoma de Buenos Aire, Buenos Aires",2
Hospital Civil Fray Antonio Alcalde,2,Mexico,"Guadalajara, Jalisco",2
Hospital De Basurto,2,Spain,"Bilbao, Bilbao",2
Hospital General Universitario Dr. Balmis de Alicante,2,Spain,"Alicante, Alicante",2
Hospital General Universitario Gregorio Maranon,2,Spain,"Madrid, Spain",2
Hospital Germans Trias i Pujol,2,Spain,"Badalona, Barcelona",2
Hospital Kuala Lumpur,2,Malaysia,"Kuala Lumpur, Kuala Lumpur",2
Hospital Quiron Salud Barcelona,2,Spain,"Barcelona, Spain",2
Hospital Quironsalud Malaga,2,Spain,"Málaga, Spain",2
Hospital Regional Universitario de Málaga,2,Spain,"Málaga, Spain",2
Hospital Universitari Son Espases,2,Spain,"Palma, Spain",2
Hospital Universitari Son Llatzer,2,Spain,"Palma de Mallorca, Palma de Mallorca",2
Hospital Universitari Vall D Hebron,2,Spain,"Barcelona, Spain",2
Hospital Universitari Vall d' Hebron,2,Spain,"Barcelona, Barcelona",2
Hospital Universitario 12 De Octubre,2,Spain,"Madrid, Spain",2
Hospital Universitario Fundacion Jimenez Diaz,2,Spain,"Madrid, Spain",2
Hospital Universitario Marques de Valdecilla,2,Spain,"Santander, Cantabria",2
Hospital Universitario Nuestra Señora de Valme,2,Spain,"Seville, Spain",2
Hospital Universitario Puerta de Hierro,2,Spain,"Majadahonda, Madrid",2
Hospital Universitario Ramón y Cajal,2,Spain,"Madrid, Madrid, Comunidad de",2
Hospital Universitario Reina Sofia,2,Spain,"Córdoba, Spain",2
Hospital Universitario Salamanca,2,Spain,"Salamanca, Salamanca",2
Hospital Universitario San Cecilio,2,Spain,"Granada, Spain",2
Hospital Universitario San Ignacio,2,Colombia,"Bogotá, Bogota D.C.",2
Hospital Universitario de Badajoz,2,Spain,"Badajoz, Spain",2
Hospital Universitario de Jaen,2,Spain,"Jaén, Spain",2
Hospital Universitario de Torrejón,2,Spain,"Torrejón de Ardoz, Spain",2
Hospital de Câncer de Recife,2,Brazil,"Recife, Pernambuco",2
Hospital de La Santa Creu I Sant Pau,2,Spain,"Barcelona, Spain",2
Hospitalario Universitario A Coruña,2,Spain,"A Coruña, La Coruña",2
Houston Methodist Cancer Center,2,United States,"Houston, Texas",2
Houston Methodist Saint John Hospital,2,United States,"Nassau Bay, Texas",2
Houston Methodist San Jacinto Hospital,2,United States,"Baytown, Texas",2
Houston Methodist Sugar Land Hospital,2,United States,"Sugar Land, Texas",2
Houston Methodist The Woodlands Hospital,2,United States,"The Woodlands, Texas",2
Houston Methodist West Hospital,2,United States,"Houston, Texas",2
Huizhou Central People's Hospital,2,China,"Huizhou, Guangdong",2
Humanitas San Pio X,2,Italy,"Milan, Italy",2
Hunan Provincial Cancer Hospital,2,China,"Hunan, Changsha",2
Hôpital Bichat,2,France,"Paris, France",2
Hôpital Cochin,2,France,"Paris, France",2
Hôpital Foch,2,France,"Suresnes, France",2
Hôpital Larrey,2,France,"Toulouse, France",2
Hôpitaux Universitaires de Genève,2,Switzerland,"Geneva, Switzerland",2
ICESP,2,Brazil,"São Paulo, Brazil",2
ICO Badalona,2,Spain,"Badalona, Barcelona",2
ICON Cancer Centre South Brisbane,2,Australia,"Brisbane, Queensland",2
IEO Istituto Europeo di Oncologia,2,Italy,"Milan, Italy",2
IMAT S.A.S,2,Colombia,"Montería, Departamento de Córdoba",2
INSTITUTO NACIONAL DE ENFERMEDADES NEOPLASICAS,2,Peru,"Lima, Peru",2
IRCCS Azienda Ospedaliera Metropolitana,2,Italy,"Genova, Italy",2
IRCCS Azienda Ospedaliero,2,Italy,"Bologna, Italy",2
IRCCS Ospedale Policlinico San Martino,2,Italy,"Genova, Italy",2
IUCPQ,2,Canada,"Québec, Canada",2
Icon Cancer Centre Kurralta Park,2,Australia,"Kurralta Park, South Australia",2
Illinois Cancer Care,2,United States,"Peoria, Illinois",2
InVO Institut für Versorgungsforschung in der Onkologie,2,Germany,"Koblenz, Rhineland-Palatinate",2
Indiana University Health Arnett Cancer Center,2,United States,"Lafayette, Indiana",2
Inje University Haeundae Paik Hospital,2,South Korea,"Haeundae-gu, Pusan-kwangyǒkshi",2
Inova Schar Cancer Institute,2,United States,"Fairfax, Virginia",2
Inselspital Bern,2,Switzerland,"Bern, Switzerland",2
Institut Catala d'Oncologia,2,Spain,"Barcelona, Spain",2
Institut Claudius Regaud,2,France,"Toulouse, France",2
Institut Régional du Cancer Montpellier,2,France,"Montpellier, Hérault",2
Institut Universitaire du Cancer de Toulouse,2,France,"Toulouse, France",2
Institut de Cancerologie de Ouest,2,France,"Saint-Herblain, France",2
Institut de Cancérologie de Lorraine,2,France,"Vandœuvre-lès-Nancy, France",2
Instituto Nacional de Cancerologia,2,Mexico,"Mexico City, Mexico",2
Instituto Neuro Cardiovascular de las Americas,2,Peru,"Lima, Peru",2
Instituto Português de Oncologia de Lisboa Francisco Gentil,2,Portugal,"Lisbon, Lisbon District",2
Instituto Português de Oncologia do Porto Francisco Gentil,2,Portugal,"Porto, Portugal",2
Instituto Portugês de Oncologia de Coimbra Francisco Gentil,2,Portugal,"Coimbra, Portugal",2
Instituto San Marcos,2,Argentina,"San Juan, Argentina",2
Instytut Centrum Zdrowia Matki Polki,2,Poland,"Lodz, Łódź Voivodeship",2
Instytut Genetyki i Immunologii GENIM,2,Poland,"Lublin, Lublin Voivodeship",2
Instytut Gruzlicy i Chorob Pluc w Warszawie,2,Poland,"Warsaw, Masovian Voivodeship",2
Integris Cancer Institute of Oklahoma,2,United States,"Oklahoma City, Oklahoma",2
Iowa Cancer Specialists,2,United States,"Davenport, Iowa",2
Iowa Lutheran Hospital,2,United States,"Des Moines, Iowa",2
Ishikawa Prefectural Central Hospital,2,Japan,"Kanazawa, Japan",2
Island Urology,2,United States,"Honolulu, Hawaii",2
Istituto Europeo Di Oncologia,2,Italy,"Milan, Milano",2
Istituto Nazionale Tumori Regina Elena IRCCS,2,Italy,"Roma, Italy",2
Istituto Oncologico Veneto IRCCS,2,Italy,"Padova, Italy",2
Istituto di Ricovero e Cura a Carattere Scientifico,2,Italy,"Milan, Italy",4
JIAMUSI TUBERCULOSIS HOSPITAL,2,China,"Jiamusi, Heilongjiang",2
Jersey City Medical Center,2,United States,"Jersey City, New Jersey",2
Jersey Shore Medical Center,2,United States,"Neptune City, New Jersey",2
Jiangmen Central Hospital,2,China,"Jiangmen, China",2
John Muir Medical Center,2,United States,"Walnut Creek, California",3
Joondalup Health Campus,2,Australia,"Joondalup, Western Australia",2
Juntendo University Hospital,2,Japan,"Bunkyo-ku, Tokyo",2
Kaiser Permanente Cancer Treatment Center,2,United States,"South San Francisco, California",2
Kaiser Permanente Oakland,2,United States,"Oakland, California",2
Kanagawa Cardiovascular and Respiratory Center,2,Japan,"Yokohama, Kanagawa",2
Kanazawa University Hospital,2,Japan,"Kanazawa, Ishikawa-ken",2
Kantonsspital Graubuenden,2,Switzerland,"Chur, Switzerland",2
Kantonsspital Graubünden,2,Switzerland,"Chur, Kanton Graubünden",2
Kantonsspital Münsterlingen,2,Switzerland,"Münsterlingen, Switzerland",2
Kaohsiung Chang Gung Memorial Hospital,2,Taiwan,"Kaohsiung City, Taiwan",2
Karmanos Cancer Institute at McLaren Greater Lansing,2,United States,"Lansing, Michigan",2
Karolinska University Hospital,2,Sweden,"Stockholm, Sweden",2
Keimyung University Dongsan Hospital,2,South Korea,"Daegu, Taegu-Kwangyokshi",2
King Faisal Specialist Hospital and Research Center,2,Saudi Arabia,"Riyadh, Saudi Arabia",2
Kingston Health Sciences Centre,2,Canada,"Kingston, Ontario",2
Klinikum Kassel GmbH,2,Germany,"Kassel, Hesse",2
Klinikum Wels,2,Austria,"Wels, Upper Austria",2
Klinikverbund Allgäu gGmbH,2,Germany,"Kempten (Allgäu), Bavaria",2
Koc University Hospital,2,Turkey (Türkiye),"Istanbul, Turkey (Türkiye)",2
Koo Foundation Sun Yat,2,Taiwan,"Taipei, Taiwan",2
Krakowski Szpital Specjalistyczny im. Jana Pawła II,2,Poland,"Krakow, Lesser Poland Voivodeship",2
Kuopion Yliopistollinen Sairaala,2,Finland,"Kuopio, Northern Savonia",2
Kyushu University Hospital,2,Japan,"Fukuoka, Japan",2
LSU Health Baton Rouge,2,United States,"Baton Rouge, Louisiana",2
LSU Health Baton Rouge North Clinic,2,United States,"Baton Rouge, Louisiana",2
Lake Region Healthcare Corporation,2,United States,"Fergus Falls, Minnesota",2
Lakeridge Health,2,Canada,"Oshawa, Ontario",2
Lancaster General Ann B Barshinger Cancer Institute,2,United States,"Lancaster, Pennsylvania",2
Landeskrankenhaus Feldkirch,2,Austria,"Feldkirch, Austria",2
Las Vegas Cancer Center,2,United States,"Henderson, Nevada",4
Las Vegas Prostate Cancer Center,2,United States,"Las Vegas, Nevada",2
Las Vegas Urology,2,United States,"Las Vegas, Nevada",12
Legacy Cancer Institute Medical Oncology and Day Treatment,2,United States,"Vancouver, Washington",2
Legacy Good Samaritan Hospital and Medical Center,2,United States,"Portland, Oregon",2
Legacy Meridian Park Hospital,2,United States,"Tualatin, Oregon",2
Legacy Mount Hood Medical Center,2,United States,"Gresham, Oregon",2
Legacy Salmon Creek Hospital,2,United States,"Vancouver, Washington",2
Lehigh Valley Health Network,2,United States,"Allentown, Pennsylvania",2
Lexington Medical Center,2,United States,"West Columbia, South Carolina",2
Linkou Chang Gung Memorial Hospital,2,Taiwan,"Taoyuan City, Taiwan",2
Liverpool Hospital,2,Australia,"Liverpool, New South Wales",2
Los Angeles General Medical Center,2,United States,"Los Angeles, California",2
Louisiana Hematology Oncology Associates LLC,2,United States,"Baton Rouge, Louisiana",2
Lovelace Medical Center,2,United States,"Albuquerque, New Mexico",2
Lumi Research,2,United States,"Kingwood, Texas",2
Lviv Territorial Medical Union Multidisciplinary Clinical Hospital,2,Ukraine,"Lviv, Lviv Oblast",2
Lyon,2,France,"Lyon, France",2
M D Anderson Cancer Center,2,United States,"Houston, Texas",2
MHAT,2,Bulgaria,"Pleven, Bulgaria",2
MHAT for Women's Health Nadezhda,2,Bulgaria,"Sofia, Bulgaria",2
MSK Monmouth,2,United States,"Middletown, New Jersey",2
MU Health Care Goldschmidt Cancer Center,2,United States,"Jefferson City, Missouri",2
MVZ am Klinikum Aschaffenburg,2,Germany,"Hösbach, Bavaria",2
Maastricht University Medical Center,2,Netherlands,"Maastricht, Netherlands",2
Macomb Hematology Oncology PC,2,United States,"Warren, Michigan",2
Maimonides Medical Center,2,United States,"Brooklyn, New York",2
Main Line Health Center,2,United States,"Collegeville, Pennsylvania",4
MaineHealth LincolnHealth Hospital,2,United States,"Damariscotta, Maine",2
MaineHealth Stephens Hospital,2,United States,"Norway, Maine",2
Margaret R Pardee Memorial Hospital,2,United States,"Hendersonville, North Carolina",2
Marshfield Clinic,2,United States,"Chippewa Falls, Wisconsin",6
Mary Crowley Cancer Research,2,United States,"Dallas, Texas",2
Mather Veteran Affairs Medical Center,2,United States,"Mather, California",2
Matsusaka Municipal Hospital,2,Japan,"Matsusaka, Japan",2
McLaren Cancer Institute,2,United States,"Flint, Michigan",8
Mediadvance Clinical,2,Mexico,"Chihuahua City, Mexico",2
"Medical Center ""Mriya Med",2,Ukraine,"Kryvyi Rih, Dnipropetrovsk Oblast",2
Medical Center Futuremeds,2,Bulgaria,"Plovdiv, Bulgaria",2
Medical Center of Baton Rouge,2,United States,"Baton Rouge, Louisiana",2
Medizinische Universitaet Innsbruck,2,Austria,"Innsbruck, Tyrol",2
Medizinische Universität Wien,2,Austria,"Vienna, Austria",2
Memorial Hospital of Carbondale,2,United States,"Carbondale, Illinois",2
Memorial Hospital of South Bend,2,United States,"South Bend, Indiana",2
Memorial University Medical Center,2,United States,"Savannah, Georgia",2
Mercy Clinic,2,United States,"Rolla, Missouri",2
Mercy Hospital Pittsburg,2,United States,"Pittsburg, Kansas",2
Mercy Hospital Washington,2,United States,"Washington, Missouri",2
Mercy San Juan Medical Center,2,United States,"Carmichael, California",2
MercyOne Genesis Davenport Cancer Center,2,United States,"Davenport, Iowa",2
MercyOne Genesis Davenport Medical Center,2,United States,"Davenport, Iowa",2
MercyOne Genesis Silvis Cancer Center,2,United States,"Silvis, Illinois",2
Metaxa Cancer Hospital of Piraeus,2,Greece,"Piraeus, Attica",2
Methodist West Hospital,2,United States,"West Des Moines, Iowa",2
Methodist Willowbrook Hospital,2,United States,"Houston, Texas",2
Miami Cancer Institute,2,United States,"Miami, Florida",2
Miami Cancer Institute at Baptist Health,2,United States,"Miami, Florida",2
Mianyang Central Hospital,2,China,"Mianyang, China",2
Midwestern Regional Medical Center,2,United States,"Zion, Illinois",2
Miyagi Cancer Center,2,Japan,"Natori-shi, Miyagi",2
Moffit Cancer Center,2,United States,"Tampa, Florida",2
Morton Plant Hospital,2,United States,"Clearwater, Florida",2
Mount Vernon Hospital,2,United Kingdom,"Northwood, Hillingdon",2
MultiCare Auburn Medical Center,2,United States,"Auburn, Washington",2
MultiCare Gig Harbor Medical Park,2,United States,"Gig Harbor, Washington",2
MultiCare Good Samaritan Hospital,2,United States,"Puyallup, Washington",2
MultiCare Tacoma General Hospital,2,United States,"Tacoma, Washington",2
Municipal non,2,Ukraine,"Odesa, Odesa Oblast",2
Musgrove Park Hospital,2,United Kingdom,"Taunton, United Kingdom",2
MyMichigan Medical Center Alpena,2,United States,"Alpena, Michigan",2
MyMichigan Medical Center Gladwin,2,United States,"Gladwin, Michigan",2
MyMichigan Medical Center Gratiot,2,United States,"Alma, Michigan",2
MyMichigan Medical Center Midland,2,United States,"Midland, Michigan",2
NHO Mito Medical Center,2,Japan,"Higashiibaraki-gun, Ibaraki",2
NHO Nagoya Medical Center,2,Japan,"Nagoya, Aichi-ken",2
NKI,2,Netherlands,"Amsterdam, Netherlands",2
Nambour General Hospital,2,Australia,"Nambour, Queensland",2
Nanfang Hospital,2,China,"Guangzhou, China",2
Nantong Tumor Hospital,2,China,"Nantong, Jiangsu",2
National Hospital Organization Asahikawa Medical Center,2,Japan,"Asahikawa, Hokkaido",2
National Hospital Organization Beppu Medical Center,2,Japan,"Beppu-shi, Oita Prefecture",2
National Hospital Organization Kochi National Hospital,2,Japan,"Kochi, Kochi",2
National Hospital Organization Nagasaki Medical Center,2,Japan,"Ōmura, Nagasaki",2
National Hospital Organization Nagoya Medical Center,2,Japan,"Nagoya, Aichi-ken",2
National Hospital Organization Tokyo National Hospital,2,Japan,"Kiyose, Tokyo",2
National Hospital Organization Ureshino Medical Center,2,Japan,"Ureshino, Saga-ken",2
National Hospital Organization Yamaguchi Ube Medical Center,2,Japan,"Ube, Yamaguchi",2
Nederlands Kanker Instituut,2,Netherlands,"Amsterdam, Netherlands",2
Nederlands Kanker Instituut Antoni van Leeuwenhoek,2,Netherlands,"Amsterdam, North Holland",2
Nemocnice AGEL Novy Jicin a.s,2,Czechia,"Nový Jičín, Czechia",2
Neurosurgeons of New Jersey,2,United States,"Ridgewood, New Jersey",2
New Hospitals,2,Georgia,"Tbilisi, Georgia",2
New Mexico Oncology Hematology Consultants,2,United States,"Albuquerque, New Mexico",2
New York Cancer & Blood Specialists,2,United States,"New York, New York",13
Ningbo No. 2 Hospital,2,China,"Ningbo, Zhejiang",2
Norfolk and Norwich University Hospital,2,United Kingdom,"Norwich, United Kingdom",2
North Coast Cancer Care,2,United States,"Sandusky, Ohio",2
North Star Lodge Cancer Center at Yakima Valley Memorial Hospital,2,United States,"Yakima, Washington",2
NorthShore University HealthSystem,2,United States,"Evanston, Illinois",6
Northbay Cancer Center,2,United States,"Vacaville, California",2
Northeast Georgia Medical Center Braselton,2,United States,"Braselton, Georgia",2
Northern Hospital,2,Australia,"Melbourne, Victoria",2
Northshore Oncology Associates,2,United States,"Covington, Louisiana",2
Northwell Health Imbert Cancer Center,2,United States,"Bay Shore, New York",2
Northwest Cancer Centers,2,United States,"Dyer, Indiana",2
Northwest Hospital Center,2,United States,"Randallstown, Maryland",2
Northwest Medical Specialties PLLC,2,United States,"Tacoma, Washington",2
Northwest Medical Specialties Tacoma,2,United States,"Tacoma, Washington",2
Norton Hospital,2,United States,"Louisville, Kentucky",2
Norwalk Hospital,2,United States,"Norwalk, Connecticut",2
Novant Health Oncology Specialists,2,United States,"Winston-Salem, North Carolina",2
Novant Health Weisiger Cancer Insititute,2,United States,"Charlotte, North Carolina",2
ONCOSITE,2,Brazil,"Ijuí, Rio Grande do Sul",2
OSF Saint Francis Radiation Oncology at Pekin,2,United States,"Pekin, Illinois",2
OSF Saint Joseph Medical Center,2,United States,"Bloomington, Illinois",2
OU Health University of Oklahoma Medical Center,2,United States,"Oklahoma City, Oklahoma",2
Ocala Oncology Center,2,United States,"Ocala, Florida",2
Ochsner High Grove,2,United States,"Baton Rouge, Louisiana",2
Ochsner Medical Center Jefferson,2,United States,"New Orleans, Louisiana",2
Ochsner Medical Center Kenner,2,United States,"Kenner, Louisiana",2
OhioHealth O'Bleness Hospital,2,United States,"Athens, Ohio",2
OhioHealth Pickerington Methodist Hospital,2,United States,"Pickerington, Ohio",2
OhioHealth Westerville Medical Campus,2,United States,"Westerville, Ohio",2
Oncologos del Occidente,2,Colombia,"Pereira, Risaralda Department",2
Oncology Consultants,2,United States,"Houston, Texas",3
Oncology Hematology West,2,United States,"Grand Island, Nebraska",5
Oncology Hematology West P.C. dba Nebraska Cancer Specialists,2,United States,"Omaha, Nebraska",3
Oncology Las Vegas,2,United States,"Henderson, Nevada",4
Oncopole Claudius Regaud,2,France,"Toulouse, France",2
Oncosalud,2,Peru,"Lima, Peru",2
OptumCare Cancer Care at MountainView,2,United States,"Las Vegas, Nevada",2
Orszagos Koranyi Pulmonologiai Intezet,2,Hungary,"Budapest, Hungary",2
Országos Korányi Pulmonológiai Intézet,2,Hungary,"Budapest, Hungary",2
Ospedale Isola Tiberina,2,Italy,"Rome, ROMA",2
Oulun yliopistollinen sairaala,2,Finland,"Oulu, North Ostrobothnia",2
Overlake Medical Center,2,United States,"Bellevue, Washington",2
Ovidius Clinical Hospital OCH,2,Romania,"Ovidiu, Constanța County",2
Owensboro Health Mitchell Memorial Cancer Center,2,United States,"Owensboro, Kentucky",2
"P.O. ""S. Maria della Misericordia"" Azienda Sanitaria Univers",2,Italy,"Udine, Friuli Venezia Giulia",2
Pacific Gynecology Specialists,2,United States,"Seattle, Washington",2
Palo Verde Hematology Oncology,2,United States,"Glendale, Arizona",2
Papageorgiou General Hospital of Thessaloniki,2,Greece,"Thessaloniki, Greece",2
Parkview Regional Medical Center,2,United States,"Fort Wayne, Indiana",2
Pecking Union Medical College Hospital,2,China,"Beijing, Beijing Municipality",2
Peking University Shenzhen Hospital,2,China,"Shenzhen, Guangdong",2
Phelps Health Delbert Day Cancer Institute,2,United States,"Rolla, Missouri",2
Phramongkutklao Hospital,2,Thailand,"Bangkok, Thailand",2
Physicians' Clinic of Iowa PC,2,United States,"Cedar Rapids, Iowa",2
"Policlinico ""G. Rodolico""",2,Italy,"Catania, Sicily",2
Pontchartrain Cancer Center,2,United States,"Covington, Louisiana",4
Pottstown Hospital,2,United States,"Pottstown, Pennsylvania",2
Pratia MCM Krakow,2,Poland,"Krakow, Lesser Poland Voivodeship",2
Precision NextGen Oncology,2,United States,"Beverly Hills, California",2
Precision NextGen Oncology and Research Center,2,United States,"Beverly Hills, California",2
Prince of Wales Hospital,2,Hong Kong,"Shatin, Hong Kong",2
Princess Margaret Hospital,2,Canada,"Toronto, Canada",2
Prisma Health Greenville Memorial Hospital,2,United States,"Greenville, South Carolina",2
Providence Hood River Memorial Hospital,2,United States,"Hood River, Oregon",2
Providence Queen of The Valley,2,United States,"Napa, California",2
Providence St. Jude Medical Center,2,United States,"Fullerton, California",2
Providence St. Vincent Medical Center,2,United States,"Portland, Oregon",3
Queen Alexandra Hospital,2,United Kingdom,"Portsmouth, United Kingdom",2
Radiation Oncology Associates,2,United States,"Reno, Nevada",2
Radiation Oncology Centers of Nevada Central,2,United States,"Las Vegas, Nevada",2
Radiation Oncology Centers of Nevada Southeast,2,United States,"Las Vegas, Nevada",2
Ramathibodi Hospital,2,Thailand,"Ratchathewi, Bangkok",2
Randolph Hospital,2,United States,"Asheboro, North Carolina",2
Regional Municipal Non,2,Ukraine,"Chernivtsi, Chernivetska Oblast",2
Renmin Hospital of Wuhan University,2,China,"Wuhan, Hubei",2
Rhode Island Hospital,2,United States,"Providence, Rhode Island",2
Richard L. Roudebush VA Medical Center,2,United States,"Indianapolis, Indiana",2
Richard L. Roudebush Veterans Affairs Medical Center,2,United States,"Indianapolis, Indiana",2
Rigshospitalet,2,Denmark,"Copenhagen, Capital Region",2
Riverwood Healthcare Center,2,United States,"Aitkin, Minnesota",2
Rocky Mountain Cancer Center,2,United States,"Denver, Colorado",2
Rocky Mountain Regional VA Medical Center,2,United States,"Aurora, Colorado",2
Rohnert Park Cancer Center,2,United States,"Rohnert Park, California",2
Roskilde Sygehus,2,Denmark,"Roskilde, Region Sjælland",2
Royal Cornwall Hospitals NHS Trust,2,United Kingdom,"Truro, Cornwall",2
Royal Marsden NHS Foundation Trust,2,United Kingdom,"Chelsea, United Kingdom",3
Rutgers New Jersey Medical School,2,United States,"Newark, New Jersey",2
SC Memorial Healthcare International SRL,2,Romania,"Bucharest, Bucharest",2
ST. LUKE'S MEDICAL CENTER,2,Philippines,"Quezon City, National Capital Region",2
START Barcelona,2,Spain,"Barcelona, Spain",2
START San Antonio,2,United States,"San Antonio, Texas",2
Saint Anthony Hospital,2,United States,"Lakewood, Colorado",2
Saint Barnabas Medical Center,2,United States,"Livingston, New Jersey",2
Saint Clare Hospital,2,United States,"Lakewood, Washington",2
Saint Elizabeth Hospital,2,United States,"Enumclaw, Washington",2
Saint Elizabeth Medical Center Edgewood,2,United States,"Edgewood, Kentucky",2
Saint Helena Hospital,2,United States,"St. Helena, California",2
Saint James Community Hospital and Cancer Treatment Center,2,United States,"Butte, Montana",2
Saint Joseph Hospital East,2,United States,"Lexington, Kentucky",2
Saint Joseph London,2,United States,"London, Kentucky",2
Saint Joseph Medical Center Hematology and Oncology,2,United States,"Silverdale, Washington",2
Saint Joseph Regional Cancer Center,2,United States,"Bryan, Texas",2
Saint Joseph's Hospital,2,United States,"Tampa, Florida",2
Saint Mary's Regional Medical Center,2,United States,"Reno, Nevada",2
Saint Vincent Frontier Cancer Center,2,United States,"Billings, Montana",2
Saitama Prefectural Cancer Center,2,Japan,"Kitaadachi-gun, Saitama",2
Sakarya Training and Research Hospital,2,Turkey (Türkiye),"Sakarya, Turkey (Türkiye)",2
Salem Hospital,2,United States,"Salem, Oregon",2
Samsun Medical Park Hastanesi,2,Turkey (Türkiye),"Samsun, Turkey (Türkiye)",2
Sanatorio Parque S.A,2,Argentina,"Rosario, Santa Fe Province",2
Sanatorio Plaza,2,Argentina,"Rosario, Santa Fe Province",2
Sanford Fargo Medical Center,2,United States,"Fargo, North Dakota",2
Sarawak General Hospital,2,Malaysia,"Kuching, Sarawak",2
Second Affiliated Hospital,2,China,"Hangzhou, Zhejiang",2
Second Affiliated hospital of Anhui Medical University,2,China,"Hefei, Anhui",2
Shandong First Medical University Cancer Hospital,2,China,"Jinan, Shandong",2
Shandong University,2,China,"Jinan, China",2
Shanghai GoBroad Cancer Hospital,2,China,"Shanghai, Shanghai Municipality",2
Shanghai Proton and Heavy Ion Center,2,China,"Shanghai, Shanghai Municipality",2
Shanxi Bethune Hospital,2,China,"Taiyuan, China",2
Shenzhen People's Hospital,2,China,"Shenzhen, Guangdong",2
Shonan Kamakura General Hospital,2,Japan,"Kanagawa, Japan",2
Sichuan Provincial People's Hospital,2,China,"Chengdu, China",2
Sidney and Lois Eskenazi Hospital,2,United States,"Indianapolis, Indiana",2
Siouxland Regional Cancer Center,2,United States,"Sioux City, Iowa",2
Sky Ridge Medical Center,2,United States,"Lone Tree, Colorado",2
Sociedade Beneficente Israelita Brasileira Hospital Albert Einstein,2,Brazil,"São Paulo, Brazil",2
Somogy Vármegyei Kaposi Mór Oktató Kórház,2,Hungary,"Kaposvár, Somogy County",2
Songklanagarind Hospital,2,Thailand,"Hat Yai, Changwat Songkhla",2
South Sacramento Cancer Center,2,United States,"Sacramento, California",2
Southampton General Hospital,2,United Kingdom,"Southampton, United Kingdom",2
Southern Cancer Center,2,United States,"Daphne, Alabama",3
Southwest Illinois Health Services LLP,2,United States,"Swansea, Illinois",2
Spitalul Clinic Colțea,2,Romania,"Bucharest, Bucharest",2
Spitalul Clinic De Urgenta Prof Dr Agrippa Ionescu,2,Romania,"Bucharest, Romania",2
Springfield Clinic Main Campus,2,United States,"Springfield, Illinois",2
St James's Hospital,2,Ireland,"Dublin, Ireland",2
St. Antonius Ziekenhuis,2,Netherlands,"Utrecht, Netherlands",2
St. Charles Health System,2,United States,"Bend, Oregon",2
St. James's Hospital,2,Ireland,"Dublin, Ireland",2
St. Joseph Hospital,2,United States,"Orange, California",2
St. Marys Hospital Center,2,Canada,"Montreal, Quebec",2
St. Vincent's University Hospital,2,Ireland,"Dublin, Ireland",2
Straub Medical Center,2,United States,"Kahului, Hawaii",2
Suburban Hematology Oncology Associates,2,United States,"Snellville, Georgia",2
Summerlin Hospital Medical Center,2,United States,"Las Vegas, Nevada",2
Sunrise Hospital and Medical Center,2,United States,"Las Vegas, Nevada",2
Sunway Medical Centre,2,Malaysia,"Petaling Jaya, Selangor",2
Sutter Davis Hospital,2,United States,"Davis, California",2
Swedish Covenant Hospital,2,United States,"Chicago, Illinois",2
Swietokrzyskie Centrum Onkologii Samodzielny Publiczny Zaklad Opieki Zdrowotnej,2,Poland,"Kielce, Świętokrzyskie Voivodeship",2
Szpital Wojewódzki im. Mikoaja Kopernika w Koszalinie,2,Poland,"Koszalin, West Pomeranian Voivodeship",2
Taipei Medical University,2,Taiwan,"Taipei, Taiwan",2
Takarazuka City Hospital,2,Japan,"Takarazuka, Hyōgo",2
Tallaght University Hospital,2,Ireland,"Dublin, Ireland",2
Tampereen yliopistollinen sairaala,2,Finland,"Tampere, Pirkanmaa",2
Tangdu Hospital,2,China,"Xi'an, China",2
Terrebonne General Medical Center,2,United States,"Houma, Louisiana",2
The Affiliated Cancer Hospital of Xinjiang Medical University,2,China,"Ürümqi, China",2
The Catholic University of Korea Seoul St. Mary's Hospital,2,South Korea,"Seoul, South Korea",2
The Chaim Sheba Medical Center,2,Israel,"Ramat Gan, Tel Aviv",2
The Christ Hospital,2,United States,"Cincinnati, Ohio",2
The Clatterbridge Cancer Centre,2,United Kingdom,"Metropolitan Borough of Wirral, United Kingdom",2
The First Affiliated Hosipital Of Zhengzhou University,2,China,"Zhengzhou, Henan",2
The First Affiliated Hospital Zhejiang University School of Medicine,2,China,"Hangzhou, Zhejiang",3
The First Affiliated Hospital of Bengbu Medical College,2,China,"Bengbu, Anhui",2
The First Affiliated Hospital of Chongqing Medical University,2,China,"Chongqing, Chongqing Municipality",2
The First Affiliated Hospital of Guangxi Medical University,2,China,"Nanning, Guangxi",2
The First Affiliated Hospital of Henan University of Science &Technology,2,China,"Luoyang, Henan",3
The First Affiliated Hospital of USTC Anhui Provincial Hospital,2,China,"Hefei, China",2
The First Affiliated Hospital of Xi'An Jiaotong University,2,China,"Xi’an, Shanxi",2
The First Affiliated Hospital of Xi'an Jiao Tong University,2,China,"Xi’an, Shanxi",2
The First Hospital Of China Medical University,2,China,"Shenyang, Liaoning",2
The First People's Hospital of Changzhou,2,China,"Changzhou, Jiangsu",2
The First affiliated Hospital of Nanyang Medical College,2,China,"Nanyang, Henan",2
The First affiliated hospital,2,China,"Guangzhou, Guangdong",2
The James Graham Brown Cancer Center at University of Louisville,2,United States,"Louisville, Kentucky",2
The Medical Center of Aurora,2,United States,"Aurora, Colorado",2
The Permanente Medical Group,2,United States,"Roseville, California",2
The Prince Charles Hospital,2,Australia,"Brisbane, Queensland",2
The Second Affiliated Hospital Zhejiang School of Medicine,2,China,"Hangzhou, Zhejiang",2
The Second Affiliated Hospital of Guangzhou Medical University,2,China,"Guangzhou, Guangdong",2
The Second Hospital of Lanzhou University,2,China,"Lanzhou, Gansu",2
The University of Kansas Clinical Research Center,2,United States,"Fairway, Kansas",2
The University of Kansas Hospital,2,United States,"Kansas City, Kansas",2
The University of Kansas Medical Center Medical Office Building,2,United States,"Kansas City, Kansas",2
The University of Louisville,2,United States,"Louisville, Kentucky",2
ThedaCare Cancer Care,2,United States,"Berlin, Wisconsin",10
Thompson Cancer Survival Center,2,United States,"Knoxville, Tennessee",2
Tianjin Cancer Hospital Airport Hospital,2,China,"Tianjin, Tianjin Municipality",2
Tibor Rubin VA Medical Center,2,United States,"Long Beach, California",2
Toledo Clinic Cancer Centers,2,United States,"Monroe, Michigan",4
Tongji Hospital affiliated to Tongji Medical College of Huazhong University of Science & Technology,2,China,"Wuhan, Hubei",2
Toronto General Hospital,2,Canada,"Toronto, Ontario",2
Touro Infirmary,2,United States,"New Orleans, Louisiana",2
Toyama University Hospital,2,Japan,"Toyoma, Toyama",2
UC San Diego Health System,2,United States,"Encinitas, California",2
UCHealth Highlands Ranch Hospital,2,United States,"Highlands Ranch, Colorado",2
UH Minoff Health Center at Chagrin Highlands,2,United States,"Orange, Ohio",2
UH Seidman Cancer Center at Firelands Regional Medical Center,2,United States,"Sandusky, Ohio",2
UH Seidman Cancer Center at Saint John Medical Center,2,United States,"Westlake, Ohio",2
UH Seidman Cancer Center at Southwest General Hospital,2,United States,"Middleburg Heights, Ohio",2
UM Baltimore Washington Medical Center,2,United States,"Glen Burnie, Maryland",2
UM Sylvester Comprehensive Cancer Center at Doral,2,United States,"Doral, Florida",2
UNC Health Cancer Care Cary,2,United States,"Cary, North Carolina",2
UNC Health Cancer Care Garner,2,United States,"Garner, North Carolina",2
UNC Health Cancer Care Raleigh,2,United States,"Raleigh, North Carolina",2
UNC Health Cancer Care Wakefield,2,United States,"Raleigh, North Carolina",2
UNC Lineberger Comprehensive Cancer Center,2,United States,"Chapel Hill, North Carolina",2
UOMi Cancer Center,2,Spain,"Barcelona, Spain",2
UPMC Camp Hill,2,United States,"Camp Hill, Pennsylvania",2
UPMC Hillman Cancer Center in Greenville,2,United States,"Greenville, Pennsylvania",2
UVA Comprehensive Cancer Center,2,United States,"Charlottesville, Virginia",2
UZ Gent,2,Belgium,"Ghent, Oost-Vlaanderen",2
Unidad de Mastologia Avanzada de Chihuahua S.A de C.V,2,Mexico,"Chihuahua City, Mexico",2
Union Hospital Tongji Medical College,2,China,"Wuhan, Hubei",2
Union Hospital of Tongji Medical College,2,China,"Wuhan, China",2
United Theranostics,2,United States,"Glen Burnie, Maryland",2
Unité de Recherche Clinique du CISSS des Laurentides,2,Canada,"Saint-Jérôme, Quebec",2
Universitaetsklinikum Jena,2,Germany,"Jena, Germany",2
Universitaetsklinikum Regensburg,2,Germany,"Regensburg, Bavaria",2
Universitair Medisch Centrum Groningen,2,Netherlands,"Groningen, Netherlands",2
Universitair Medisch Centrum Utrecht,2,Netherlands,"Utrecht, Netherlands",2
Universitair Ziekenhuis Brussel,2,Belgium,"Jette, Belgium",2
Universitair Ziekenhuis Leuven,2,Belgium,"Leuven, Belgium",2
University Cancer Center,2,United States,"Las Vegas, Nevada",2
University Cancer and Blood Center LLC,2,United States,"Athens, Georgia",2
University General Hospital of Patras,2,Greece,"Patra, Peloponnese",2
University Hospital Zurich,2,Switzerland,"Zurich, Switzerland",2
University Hospitals Parma Medical Center,2,United States,"Parma, Ohio",2
University Hospitals Seidman Cancer Center at UH Avon Health Center,2,United States,"Avon, Ohio",2
University Hospitals Seidman Cancer Center at UH Mentor Health Center,2,United States,"Mentor, Ohio",2
University Hospitals Sharon Health Center,2,United States,"Wadsworth, Ohio",2
University Medical Center of Southern Nevada,2,United States,"Las Vegas, Nevada",2
University Specialized Hospital for Active Treatment of Oncology EAD,2,Bulgaria,"Sofia, Bulgaria",2
University of Cincinnati,2,United States,"Cincinnati, Ohio",2
University of Connecticut Health Center,2,United States,"Farmington, Connecticut",2
University of Illinois Cancer Center,2,United States,"Chicago, Illinois",2
University of Illinois Hospital and Health Sciences System,2,United States,"Chicago, Illinois",3
University of Iowa Health Care,2,United States,"Iowa City, Iowa",2
University of Kansas Medical Center,2,United States,"Fairway, Kansas",2
University of Louisville,2,United States,"Louisville, Kentucky",2
University of Maryland Shore Medical Center at Easton,2,United States,"Easton, Maryland",2
University of Miami Hospital and Clinics,2,United States,"Miami, Florida",2
University of Miyazaki Hospital,2,Japan,"Miyazaki, Miyazaki",2
University of North Carolina at Chapel Hill,2,United States,"Chapel Hill, North Carolina",2
University of Oklahoma,2,United States,"Oklahoma City, Oklahoma",2
University of Pittsburgh Medical Center,2,United States,"Pittsburgh, Pennsylvania",2
University of Tennessee,2,United States,"Knoxville, Tennessee",2
University of Texas M. D. Anderson Cancer Center,2,United States,"Houston, Texas",2
Universitätsklinikum Bonn,2,Germany,"Bonn, North Rhine-Westphalia",2
Universitätsklinikum Frankfurt,2,Germany,"Frankfurt, Germany",2
Universitätsklinikum Münster,2,Germany,"Münster, North Rhine-Westphalia",2
Universitätsklinikum Schleswig,2,Germany,"Lübeck, Schleswig-Holstein",2
Université Catholique de Louvain,2,Belgium,"Yvoir, Namur",2
Univerzitná nemocnica Bratislava,2,Slovakia,"Bratislava, Bratislava Region",2
Uniwersytecki Szpital Kliniczny nr 4 w Lublinie,2,Poland,"Lublin, Lublin Voivodeship",2
Urology Specialists of Nevada,2,United States,"Las Vegas, Nevada",8
VA Ann Arbor Healthcare System,2,United States,"Ann Arbor, Michigan",2
VA Long Beach Healthcare System,2,United States,"Long Beach, California",2
Valley Health System,2,United States,"Westwood, New Jersey",2
Velindre NHS Trust,2,United Kingdom,"Cardiff, United Kingdom",2
Veteran's Affairs Medical Center,2,United States,"St Louis, Missouri",2
Veterans Affairs Loma Linda Healthcare System,2,United States,"Loma Linda, California",2
Vitaz,2,Belgium,"Sint-Niklaas, Oost-Vlaanderen",2
Vivantes Hospital Spandau,2,Germany,"Berlin, Germany",2
Wake Forest Baptist Health,2,United States,"Statesville, North Carolina",3
Wake Forest University Health Sciences,2,United States,"Winston-Salem, North Carolina",2
Wake Forest University at Clemmons,2,United States,"Clemmons, North Carolina",2
Weisberg Cancer Treatment Center,2,United States,"Farmington Hills, Michigan",2
WellSpan Oncology Research,2,United States,"York, Pennsylvania",2
WellStar Cobb Hospital,2,United States,"Austell, Georgia",2
Wellstar Kennestone Hospital,2,United States,"Marietta, Georgia",2
Westchester Medical Center,2,United States,"Valhalla, New York",2
Western Surgical Care,2,United States,"Denver, Colorado",2
Wien AKH,2,Austria,"Vienna, Austria",2
William S Middleton VA Medical Center,2,United States,"Madison, Wisconsin",2
Winter Haven Hospital,2,United States,"Winter Haven, Florida",2
Woodland Cancer Care Center,2,United States,"Michigan City, Indiana",2
Woodland Memorial Hospital,2,United States,"Woodland, California",2
Wuhan Union Hospital,2,China,"Wuhan, Hubei",2
Wuhan Union Hospital Cancer Center,2,China,"Wuhan, Hubei",2
Wuxi People's Hospital,2,China,"Wuxi, Jiangsu",2
Xiangya Hospital of Central South University,2,China,"Changsha, China",2
Yeditepe University Kosuyolu Hospital,2,Turkey (Türkiye),"Istanbul, Turkey (Türkiye)",2
Yeditepe University Medical School Hospital,2,Turkey (Türkiye),"Istanbul, Turkey (Türkiye)",2
Yokohama City University Medical Center,2,Japan,"Yokohama, Japan",2
Yonsei University Health System,2,South Korea,"Seoul, South Korea",2
Yunnan Provincial Cancer Hospital,2,China,"Kunming, China",2
Zablocki Veterans Administration Medical Center,2,United States,"Milwaukee, Wisconsin",2
Zhongda Hospital Southeast University,2,China,"Nanjing, Jiangsu",2
Zhongshan Hospital Fudan University,2,China,"Shanghai, Shanghai Municipality",2
Zhujiang Hospital of Southern Medical University,2,China,"Guangzhou, Guangdong",2
Ziekenhuis Oost,2,Belgium,"Genk, Limburg",2
ohO Research GmbH,2,Germany,"Oldenburg in Holstein, Schleswig-Holstein",2
"""Sveta Ekaterina"" Hospital",1,Bulgaria,"Sofia, Bulgaria",1
"""Theagenio"" Cancer Hospital of Thessaloniki",1,Greece,"Thessaloniki, Kentrikí Makedonía",1
'Henry Dynant' Hospital Center,1,Greece,"Athens, Greece",1
1st affliated hospital of Zhejiang University,1,China,"Hangzhou, Zhejiang",1
?enry Dunant Hospital Center Fourth Department of Oncology and Clinical Trials Unit,1,Greece,"Athens, Greece",1
A.C. Camargo Cancer Center,1,Brazil,"São Paulo, São Paulo",1
A.C.Camargo Cancer Center,1,Brazil,"São Paulo, Brazil",1
A.I. Kryzhanovsky Krasnoyarsk Regional Cancer Center,1,Russia,"Krasnoyarsk, Russia",1
A.O. SS. Antonio e Biagio e Cesare Arrigo di Alessandria,1,Italy,"Alessandria, Italy",1
A.O.R.N. Antonio Cardarelli,1,Italy,"Naples, Italy",1
AFFILIATED CANCER HOSPITAL AND INSTITUTE OF GUANGZHOU MEDICAL UNIVERSITY,1,China,"Guangzhou, Guangdong",1
AHN Cancer Center,1,United States,"Pittsburgh, Pennsylvania",1
AHN Cancer Institute,1,United States,"Pittsburgh, Pennsylvania",1
AHN Cancer Institute ? Allegheny General Hospital,1,United States,"Pittsburgh, Pennsylvania",1
AHN West Penn Hospital,1,United States,"Pittsburgh, Pennsylvania",1
AIG Hospitals,1,India,"Hyderabad, Telangana",1
AIIMS New Delhi Dept of Medicine,1,India,"New Delhi, National Capital Territory of Delhi",1
AIS Cancer Center at San Joaquin Community Hospital,1,United States,"Bakersfield, California",1
AJOU university hospital,1,South Korea,"Suwon, Gyeunggi-do",1
ALX Center 1,1,United States,"Spokane, Washington",1
ALX Center 2,1,United States,"Fairfax, Virginia",1
ALX Center 3,1,United States,"Grand Rapids, Michigan",1
ALX Center 4,1,United States,"West Valley City, Utah",1
ALX Center 5,1,United States,"Houston, Texas",1
ALX Center 6,1,United States,"Portland, Oregon",1
ALX Center 7,1,United States,"Tampa, Florida",1
ALX Center 8,1,United States,"Farmington Hills, Michigan",1
AORN Sant'Anna e San Sebastiano,1,Italy,"Caserta, Italy",1
AOU Careggi,1,Italy,"Florence, Tuscany",1
AOU Federico II,1,Italy,"Naples, Italy",1
AOU Maggiore della Carità,1,Italy,"Novara, Italy",1
AOU Policlinico G. Rodolico,1,Italy,"Catania, Italy",1
AOU della Campania Luigi Vanvitelli,1,Italy,"Naples, Campania",1
AOU di Ferrara Arcispedale S. Anna,1,Italy,"Ferrara (Cona), Emilia-Romagna",1
AOUS Policlinico Le Scotte,1,Italy,"Siena, Italy",1
AP,1,France,"Paris, France",1
AP Biosciences Inc,1,Taiwan,"Taipei, Taiwan",1
APHM,1,France,"Marseille, Bouches-du-Rhone",1
APHP,1,France,"Paris, France",1
APHP de Marseille,1,France,"Marseille, France",1
APSS,1,Italy,"Trento, Italy",1
ASL Taranto Ospedale S. G. Moscati,1,Italy,"Statte, Italy",1
ASST Sette Laghi,1,Italy,"Varese, Italy",1
ASST Spedali Civili di Brescia,1,Italy,"Brescia, Italy",1
ASST degli Spedali Civili di Brescia,1,Italy,"Brescia, Italy",1
ATTIKON GENERAL UNIVERSITY HOSPITAL,1,Greece,"Chaïdári, Attica",1
AULSS2 Marca Trevigiana Treviso,1,Italy,"Treviso, Italy",1
AUSL Della Romagna,1,Italy,"Ravenna, Italy",1
AUSTRAL MEDICAL CENTER,1,Argentina,"CABA, Buenos Aires",1
AZ,1,Belgium,"Roeselare, West-Vlaanderen",1
AZ Delta vzw,1,Belgium,"Roeselare, West-Vlaanderen",1
AZORG Campus Aalst,1,Belgium,"Aalst, Oost-Vlaanderen",1
Aalborg Universitetshospital,1,Denmark,"Aalborg, North Denmark",1
Aarhus Universitetshospital,1,Denmark,"Aarhus, Denmark",1
Aarhus University Hospital,1,Denmark,"Aarhus N, Denmark",1
Aberdeen Royal Infirmary,1,United Kingdom,"Aberdeen, Aberdeenshire",1
Abington Memorial Hospital,1,United States,"Abington, Pennsylvania",1
Acibadem Adana Hospital,1,Turkey (Türkiye),"Seyhan, Turkey (Türkiye)",1
Acibadem Altunizade Hospital,1,Turkey (Türkiye),"Üsküdar / İstanbul, İ̇stanbul",1
Acibadem City Clinic University Multiprofile Hospital for Active Treatment Tokuda EAD,1,Bulgaria,"Sofia, Bulgaria",1
Ad,1,Puerto Rico,"Ponce, Puerto Rico",1
Adana Acıbadem Hospital,1,Turkey (Türkiye),"Adana, Turkey (Türkiye)",1
Advanced Molecular Imaging and Therapy,1,United States,"Glen Burnie, Maryland",1
Advanced Research,1,United States,"Coral Springs, Florida",1
Advanced Research LLC,1,United States,"Coral Springs, Florida",1
Advanze Pesquisa,1,Brazil,"São Carlos, São Paulo",1
Advent Health Medical Group Radiation Oncology at Central Florida,1,United States,"Orlando, Florida",1
AdventHealth,1,United States,"Orlando, Florida",1
AdventHealth Cancer Institute,1,United States,"Orlando, Florida",1
AdventHealth Infusion Center Asheville,1,United States,"Asheville, North Carolina",1
AdventHealth Infusion Center Haywood,1,United States,"Clyde, North Carolina",1
AdventHealth Infusion Center Weaverville,1,United States,"Weaverville, North Carolina",1
AdventHealth Medical Group Oncology Research at Celebration,1,United States,"Kissimmee, Florida",1
AdventHealth Orlando,1,United States,"Orlando, Florida",1
Afecc Associacao Feminina Educacao Combate Cancer,1,Brazil,"Vitória, Espírito Santo",1
Afecc Hospital Santa Rita de Cássia,1,Brazil,"Vitória, Espírito Santo",1
Affidea Constanța,1,Romania,"Constanța, Romania",1
Affiliated Cancer Hospital & Institute of Guangzhou Medical University,1,China,"Guangzhou, Guangdong",1
Affiliated Cancer Hospital of Guangzhou Medical University,1,China,"Guangzhou, China",1
Affiliated Cancer Hospital of Harbin Medical University,1,China,"Harbin, Heilongjiang",1
Affiliated Cancer Hospital of Shandong First Medical University,1,China,"Jinan, Shandong",1
Affiliated Dongyang Hospital of Wenzhou Medical University,1,China,"Dongyang, China",1
Affiliated Hospital Of Hebei University,1,China,"Baoding, Hebei",1
Affiliated Hospital of Guangdong Medical College,1,China,"Zhanjiang, Guangdong",1
Affiliated Hospital of Guangdong Medical University,1,China,"Zhanjiang, Guangdong",1
Affiliated Jinhua Hospital,1,China,"Jinhua, China",1
Affiliated Oncologists,1,United States,"Chicago Ridge, Illinois",1
Affiliated Tumor Hospital of Guangxi Medical University,1,China,"Nanning, China",1
Affiliated Zhongshan Hospital Dalian University,1,China,"Dalian, Liaoning",2
Affiliated hospital of Jining medical university,1,China,"Jining, Shandong",1
Ageo Central General Hospital,1,Japan,"Ageo, Japan",1
Agii Anargiri Cancer Hospital,1,Greece,"Nea Kifissia, Attica",1
Agios Andreas Hospital Patras,1,Greece,"Pátrai, Achaia",1
Agios Savvas Regional Cancer Hospital,1,Greece,"Athens, Attica",1
Aix,1,France,"Aix-en-Provence, France",1
Akdeniz University Hospital,1,Turkey (Türkiye),"Antalya, Turkey (Türkiye)",1
Akershus universitetssykehus,1,Norway,"Lørenskog, Norway",1
Alabama Oncology,1,United States,"Birmingham, Alabama",7
Alaska Oncology & Hematology,1,United States,"Anchorage, Alaska",1
Alb Fils Kliniken GmbH,1,Germany,"Göppingen, Baden-Wurttemberg",1
Alberta Health Services and The Governors of The University of Alberta,1,Canada,"Edmonton, Alberta",1
Alexandra General Hospital of Athens,1,Greece,"Athens, Attikí",1
Alfred Hospital,1,Australia,"Melbourne, Victoria",1
Algemeen Ziekenhuis Delta,1,Belgium,"Roeselare, West-Vlaanderen",3
Algemeen Ziekenhuis Groeninge,1,Belgium,"Kortrijk, West-Vlaanderen",1
Algemeen Ziekenhuis Klina,1,Belgium,"Brasschaat, Antwerpen",1
Algemeen Ziekenhuis Maria Middelares,1,Belgium,"Ghent, Oost-Vlaaderen",1
Aliada,1,Peru,"Lima, Peru",1
Alpha Clinical Research Centers LLC,1,United States,"Orange City, Florida",1
Alta Bates Summit Medical Center Comprehensive Cancer Center,1,United States,"Berkeley, California",1
Altnagelvin Area Hospital,1,United Kingdom,"Londonderry, United Kingdom",1
Altru Cancer Center,1,United States,"Grand Forks, North Dakota",1
American Fork Hospital,1,United States,"American Fork, Utah",1
American Hospital Network LLC,1,Georgia,"Tbilisi, Georgia",1
American Oncology Partners,1,United States,"Fort Myers, Florida",1
Americas,1,Brazil,"Rio de Janeiro, Brazil",1
Amiens,1,France,"Amiens, France",1
Amsterdam UMC locatie Vumc,1,Netherlands,"Amsterdam, Netherlands",1
Amsterdam University Medical Center,1,Netherlands,"Amsterdam, North Holland",1
Amsterdam University Medical Centers,1,Netherlands,"Amsterdam, Netherlands",1
Angers,1,France,"Angers, France",1
Anhui Cancer Hospital,1,China,"Hefei, Anhui",1
Anhui Medical University,1,China,"Hefei, Anhui",1
Anhui Province Hospital,1,China,"Hefei, Anhui",1
Anhui Province cancer hospital,1,China,"Hefei, Anhui",1
Anhui provincial hospital,1,China,"Hefei, Anhui",1
Ankara Bilkent City Hospital,1,Turkey (Türkiye),"Ankara, Turkey (Türkiye)",1
Ankara Bilkent City Hospital Department of Medical Oncology,1,Turkey (Türkiye),"Ankara, Turkey (Türkiye)",1
Ankara Memorial Hospital,1,Turkey (Türkiye),"Ankara, Turkey (Türkiye)",1
Ankara Universitesi Tip Fakultesi Cebeci Hastanesi,1,Turkey (Türkiye),"Ankara, Turkey (Türkiye)",1
Ankara University Hospital,1,Turkey (Türkiye),"Ankara, Turkey (Türkiye)",1
Antalya Egitim ve Arastırma Hastanesi,1,Turkey (Türkiye),"Antalya, Turkey (Türkiye)",1
Anyang Cancer Hospital,1,China,"Anyang, Henan",1
Apex Research,1,United States,"Fair Oaks, California",1
Apex Wellness Hospital,1,India,"Nashik, Maharashtra",1
ApoEx NKS,1,Sweden,"Stockholm, Sweden",1
Apollo Hospitals,1,India,"Visakhapatnam, Andhra Pradesh",1
Apollo Multispeciality Hospitals limited,1,India,"Kolkata, West Bengal",1
Apotheke,1,Germany,"Berlin, Germany",1
Archbold Cancer Center,1,United States,"Thomasville, Georgia",1
Area general,1,Spain,"Barcelona, Spain",1
Arizona Oncology Associates,1,United States,"Prescott, Arizona",1
Arizona Urology Specialists,1,United States,"Tucson, Arizona",1
Army Medical Center of People's Liberation Army,1,China,"Chongqing, Chongqing Municipality",1
Artemis hospital,1,India,"Gurugram, Haryana",1
Asante Rogue Regional Medical Center,1,United States,"Medford, Oregon",1
Ascension Columbia Saint Mary's Hospital Ozaukee,1,United States,"Mequon, Wisconsin",1
Ascension Medical Group Southeast Wisconsin,1,United States,"Wauwatosa, Wisconsin",1
Ascension Mercy Hospital,1,United States,"Oshkosh, Wisconsin",1
Ascension Northeast Wisconsin,1,United States,"Appleton, Wisconsin",2
Ascension Saint Agnes Hospital,1,United States,"Baltimore, Maryland",1
Ascension Saint Elizabeth Hospital,1,United States,"Appleton, Wisconsin",1
Ascension Saint Francis,1,United States,"Franklin, Wisconsin",1
Ascension Saint Francis Hospital,1,United States,"Milwaukee, Wisconsin",1
Ascires CETIR,1,Spain,"Esplugues de Llobregat, Spain",1
Ascires Cetir,1,Spain,"Barcelona, Spain",1
Asklepios Fachkliniken Muenchen,1,Germany,"Gauting, Bavaria",1
Asklepios Fachkliniken Muenchen Gauting,1,Germany,"Gauting, Germany",1
Asklepios Fachkliniken München,1,Germany,"Gauting, Bavaria",1
Asklepios Klinik Altona,1,Germany,"Hamburg, Free and Hanseatic City of Hamburg",1
Asklepios Lungenklinik Gauting,1,Germany,"Gauting, Germany",1
Asplundh Cancer Pavilion at Jefferson Health,1,United States,"Willow Grove, Pennsylvania",1
Association ADIR,1,France,"Rouen, France",1
Atatürk Göğüs Hastalıkları Ve Göğüs Cerrahisi Eğitim Araştırma Hastanesi,1,Turkey (Türkiye),"Ankara, Turkey (Türkiye)",1
Atlantic Health System Morristown Medical Center,1,United States,"Morristown, New Jersey",1
Atrium Health Cabarrus,1,United States,"Concord, North Carolina",1
Atrium Health Cleveland,1,United States,"Shelby, North Carolina",1
Atrium Health Pineville,1,United States,"Charlotte, North Carolina",1
Atrium Health Stanly,1,United States,"Albemarle, North Carolina",1
Atrium Health Union,1,United States,"Monroe, North Carolina",1
Atrium Health University City,1,United States,"Charlotte, North Carolina",1
Augusta Health Center for Cancer and Blood Disorders,1,United States,"Fishersville, Virginia",1
Aurora Health Center,1,United States,"Fond du Lac, Wisconsin",1
Avignon,1,France,"Avignon, France",1
Azienda Ospedaliera,1,Italy,"Pisa, Italy",1
Azienda Ospedaliera Città della Salute e della Scienza di Torino,1,Italy,"Turin, Italy",1
Azienda Ospedaliera Papardo,1,Italy,"Messina, Italy",1
Azienda Ospedaliera S.Giovanni Addolorata,1,Italy,"Roma, Italy",1
Azienda Ospedaliera San Camillo Forlanini,1,Italy,"Rome, Italy",1
Azienda Ospedaliera Santa Croce e Carle,1,Italy,"Cuneo, Italy",1
Azienda Ospedaliera Universitaria Integrata di Verona,1,Italy,"Verona, Italy",1
Azienda Ospedaliera Universitaria Policlinico Sant'Orsola Malpighi Irccs,1,Italy,"Bologna, Italy",1
Azienda Ospedaliera Universitaria Senese,1,Italy,"Siena, Italy",1
Azienda Ospedaliera Universitaria Senese Policlinico Le Scotte,1,Italy,"Siena, Italy",1
Azienda Ospedaliero Universitaria Di Bologna Policlinico S. Orsola Malpighi,1,Italy,"Bologna, Italy",1
Azienda Ospedaliero Universitaria Pisana,1,Italy,"Pisa, Italy",1
"Azienda Ospedaliero Universitaria Policlinico ""Gaspare Rodolico",1,Italy,"Catania, Italy",1
Azienda Ospedaliero Universitaria San Luigi Gonzaga,1,Italy,"Orbassano, Torino",1
Azienda Sanitaria Territoriale Pesaro e Urbino,1,Italy,"Pesaro (PU), Pesaro AND Urbino",1
Azienda Sanitaria Universitaria Friuli Centrale,1,Italy,"Udine, Italy",1
Azienda Santiaria dell'Alto Adige,1,Italy,"Bolzano, Bozen",1
Azienda USL Toscana Nord Ovest Oncologia Medica,1,Italy,"Lido di Camaiore, Italy",1
Azienda USL Toscana Nord Ovest_Ospedale Civile di Livorno,1,Italy,"Livorno, Tuscany",1
Azienda Unità Sanitaria Locale della Romagna,1,Italy,"Rimini, Italy",1
Azienda ospedaliera di Padova,1,Italy,"Padova, Italy",1
Azienda ospedaliero,1,Italy,"Siena, Italy",1
BAMF Health,1,United States,"Grand Rapids, Michigan",1
BAPTIST ALLIANCE,1,United States,"Miami, Florida",1
BASS Cancer Center,1,United States,"Walnut Creek, California",1
BASS Medical Group,1,United States,"Walnut Creek, California",1
BC Cancer,1,Canada,"Vancouver, Canada",1
BC Cancer Abbotsford,1,Canada,"Abbotsford British Columbia, British Columbia",1
BC Cancer Agency,1,Canada,"Vancouver, British Columbia",1
BI,1,United States,"Greenville, South Carolina",1
BRCR Global Plantation,1,United States,"Plantation, Florida",1
BRCR Global Puerto Rico,1,Puerto Rico,"San Juan, Puerto Rico",1
BRCR Global Puerto Rico LLC,1,Puerto Rico,"Mayagüez, Puerto Rico",1
BRCR Medical Center,1,United States,"Plantation, Florida",1
BRP,1,United States,"Hialeah, Florida",1
Bagcilar Medipol Mega Universite Hastanesi,1,Turkey (Türkiye),"Istanbul, Turkey (Türkiye)",1
Bakirkoy Dr. Sadi Konuk Training and Research Hospital,1,Turkey (Türkiye),"Istanbul, Turkey (Türkiye)",1
Ballad Health Cancer Care,1,United States,"Kingsport, Tennessee",3
Baltimore VA Medical Center VA Maryland Health Care System,1,United States,"Baltimore, Maryland",1
Banner,1,United States,"Tucson, Arizona",1
Banner Boswell Medical Center,1,United States,"Sun City, Arizona",1
Banner Health,1,United States,"Gilbert, Arizona",1
Baotou Cancer Hospital,1,China,"Baotou, China",1
Baptist Alliance,1,United States,"Miami, Florida",1
Baptist Clinical Research Institute,1,United States,"Memphis, Tennessee",1
Baptist Health,1,United States,"Louisville, Kentucky",1
Baptist Health Madisonville,1,United States,"Madisonville, Kentucky",1
Baptist Health Richmond,1,United States,"Richmond, Kentucky",1
Barts Hospital,1,United Kingdom,"London, United Kingdom",1
Baskent Universitesi Tip Fakultesi Adana Hastanesi,1,Turkey (Türkiye),"Adana, Turkey (Türkiye)",1
Baskent University Adana Application and Research Center,1,Turkey (Türkiye),"Adana, Turkey (Türkiye)",1
Bay Area Breast Surgeons Inc,1,United States,"Emeryville, California",1
Bay Area Tumor Institute,1,United States,"Oakland, California",1
Baylor Scott & White Health,1,United States,"Round Rock, Texas",1
Baylor University Medical Center,1,United States,"Dallas, Texas",1
Bayshore Community Hospital,1,United States,"Holmdel, New Jersey",1
Beacon Hospital,1,Ireland,"Dublin, Co Dublin",1
Beacon Hospital Sdn Bhd,1,Malaysia,"Petaling Jaya, Malaysia",1
Beacon International Specialist Centre,1,Malaysia,"Petaling Jaya, Selangor",1
Beatson West of Scotland Cancer Centre,1,United Kingdom,"Glasgow, United Kingdom",1
Beijing Chaoyang Hospital,1,China,"Beijing, Beijing Municipality",1
Beijing Daxing District People's Hospital,1,China,"Beijing, China",1
Beijing Friendship Hospital Affiliate of Capital University,1,China,"Beijing, Beijing Municipality",1
Beijing Friendship hospital,1,China,"Beijing, China",1
Beijing Hospital,1,China,"Beijing, China",1
Belfast City Hospital,1,United Kingdom,"Belfast, United Kingdom",1
Belfast Health and Social Care Trust,1,United Kingdom,"Belfast, Antrim",1
Bendigo Hospital,1,Australia,"Bendigo, Victoria",1
Benefis Helena Specialty Center,1,United States,"Helena, Montana",1
Berkshire Medical Center,1,United States,"Pittsfield, Massachusetts",1
Besançon,1,France,"Besançon, France",1
Bethanien Krankenhaus Moers,1,Germany,"Moers, North Rhine-Westphalia",1
Betsi Cadwaladr University Health Board,1,United Kingdom,"Bodelwyddan, Denbighshire",1
Betsi Cadwaladr University Health Board Wrexham Maelor Hospital,1,United Kingdom,"Wrexham, Wrexham",1
Bezmialem Foundation University Medical Faculty,1,Turkey (Türkiye),"Istanbul, Turkey (Türkiye)",1
Binzhou Medical University Hospital,1,China,"Binzhou, Shandong",1
Biocenter,1,Chile,"Concepción, Chile",1
Biocruces Bizkaia Instituto de Investigación Sanitaria,1,Spain,"Barakaldo, Biscay",1
Biogenix Molecular,1,United States,"Miami, Florida",1
Birmingham Heartlands Hospital,1,United Kingdom,"Birmingham, United Kingdom",1
Birmingham Hematology and Oncology Associates LLC d,1,United States,"Birmingham, Alabama",1
Blue Ridge Cancer Center,1,United States,"Blacksburg, Virginia",1
Bnai zion MC,1,Israel,"Haifa, Israel",1
Boca Raton Regional Hospital,1,United States,"Boca Raton, Florida",1
Bon Secours DePaul Medical Center,1,United States,"Norfolk, Virginia",1
Bon Secours Health Center at Harbour View,1,United States,"Suffolk, Virginia",1
Bon Secours Hematology and Oncology,1,United States,"Greenville, South Carolina",1
Bon Secours Maryview Medical Center,1,United States,"Portsmouth, Virginia",1
Bon Secours Richmond Community Hospital,1,United States,"Richmond, Virginia",1
Bon Secours Saint Francis Hospital,1,United States,"Charleston, South Carolina",1
Bordeaux,1,France,"Bordeaux, France",1
Borsod,1,Hungary,"Miskolc, Borsod-Abauj Zemplen county",1
Boston Veteran's Affairs Medical Center,1,United States,"Jamaica Plain, Massachusetts",1
Brigham & Women's Hospital,1,United States,"Boston, Massachusetts",1
Bristol Regional Medical Center,1,United States,"Bristol, Tennessee",1
Brody School of Medicine at East Carolina University,1,United States,"Greenville, North Carolina",1
Brooklyn Radiation Oncology,1,United States,"Brooklyn, New York",1
Brüderkrankenhaus St. Josef Paderborn,1,Germany,"Paderborn, North Rhine-Westphalia",1
"Budgetary Healthcare Institution of Omsk region ""Clinical Oncological Dispensary""",1,Russia,"Omsk, Russia",1
Buhler Specialty Pavilion,1,United States,"Sacramento, California",1
Bács,1,Hungary,"Kecskemét, Hungary",1
Békés Vármegyei Központi Kórház Pándy Kálmán Tagkórház,1,Hungary,"Gyula, Bekes County",1
CANCER TREAMTENT CLINIC AND CLINICAL TRIALS SA DE CV,1,Mexico,"Guadalajara, Jalisco",1
CANGZHOU People's Hospital,1,China,"Cangzhou, Hebei",1
CARDINAL SANTOS MEDICAL CENTER,1,Philippines,"San Juan City, Metro Manila, National Capital Region",1
CBCC Global Research,1,United States,"Bakersfield, California",1
CEMAIC,1,Argentina,"Córdoba, Argentina",1
CEMIC,1,Argentina,"Caba., Buenos Aires",1
CENEIT Oncologicos,1,Mexico,"Mexico City, Mexico",1
CENTRE LEON BERARD,1,France,"Lyon, Rhone",1
CEPEN,1,Brazil,"Florianópolis, Santa Catarina",1
CEPHO,1,Brazil,"Santo André, Brazil",1
CETIR Viladomat,1,Spain,"Barcelona, Other",1
CH,1,France,"Colmar, France",1
CH Bretagne Atlantique,1,France,"Vannes, France",1
CH Cornouaille,1,France,"Quimper, France",1
CH Morlaix,1,France,"Morlaix, France",1
CH de Versailles,1,France,"Le Chesnay, France",1
CHRISTUS Highland Medical Center,1,United States,"Shreveport, Louisiana",1
CHRISTUS St. Vincent Regional Cancer Center,1,United States,"Santa Fe, New Mexico",1
CHRU Grenoble,1,France,"Grenoble, France",1
CHRU de Lille,1,France,"Lille, France",1
CHRU de Tours,1,France,"Tours, France",1
CHU Besançon,1,France,"Besançon, Franche-Comte",1
CHU Brest,1,France,"Brest, France",1
CHU Caen,1,France,"Caen, Calvados",1
CHU Caen Normandie,1,France,"Caen, France",1
CHU Charles Nicolle,1,France,"Rouen, Haute-Normandie",1
CHU GABRIEL MONTPIED,1,France,"Clermont-Ferrand, Puy-de-Dome",1
CHU Grenoble,1,France,"Grenoble, France",1
CHU HELORA,1,Belgium,"Mons, Belgium",1
CHU Helora,1,Belgium,"Mons, Belgium",1
CHU Hôpital Nord,1,France,"Saint-Etienne, France",1
CHU Insular,1,Spain,"Las Palmas de Gran Canaria, Las Palmas",1
CHU La Réunion Site Nord,1,France,"Saint-Denis, France",1
CHU Limoges,1,France,"Limoges, France",1
CHU Nantes,1,France,"Saint-Herblain, Loire-Atlantique",1
CHU Saint,1,France,"Saint-Etienne, France",1
CHU d'Amiens,1,France,"Amiens, Somme",1
CHU d'Angers,1,France,"Angers, France",1
CHU de La Réunion,1,France,"Saint-Pierre, France",1
CHU de Liege,1,Belgium,"Liège, Belgium",1
CHU de Limoges,1,France,"Limoges, France",1
CHU de Nîmes,1,France,"Nîmes, France",1
CHU de Rennes,1,France,"Rennes, France",1
CHUAC Hospital Teresa Herrera,1,Spain,"A Coruña, Spain",1
CHUM,1,Canada,"Montreal, Quebec",1
CHUVI,1,Spain,"Pontevedra, Pontevedra [Pontevedra]",1
CIC Cochin Pasteur,1,France,"Paris, France",1
CIMCA,1,Costa Rica,"San José, Provincia de San José",1
CINME,1,Argentina,"Buenos Aires, Argentina",1
CIONC,1,Brazil,"Curitiba, Brazil",1
CISSS de la Monteregie,1,Canada,"Greenfield Park, Quebec",1
CIUSSS de l'Est,1,Canada,"Montreal, Quebec",1
COE,1,Argentina,"San Juan, Argentina",1
COMMUNAL NONPROFIT ENTERPRISE CLINICAL CENTER OF ONCOLOGY,1,Ukraine,"Cherkasy, Cherkasy Oblast",1
CPO,1,Brazil,"Porto Alegre, Rio Grande do Sul",2
CSSS Alphonse,1,Canada,"Lévis, Quebec",1
CT Scan and Echo Only: Henry Ford Medical Center,1,United States,"Plymouth, Michigan",1
CTTB,1,Brazil,"Rio de Janeiro, Rio de Janeiro",1
CUF Porto Hospital,1,Portugal,"Porto, Portugal",1
CUIMC Research Pharmacy,1,United States,"New York, New York",1
Cabrini Health,1,Australia,"Malvern, Victoria",1
Cabrini Hospital,1,Australia,"Malvern, Victoria",1
Caen,1,France,"Caen, France",1
Cairns Hospital,1,Australia,"Cairns, Australia",1
California Protons Cancer Therapy Center,1,United States,"San Diego, California",1
Cambridge University Hospitals NHS Trust,1,United Kingdom,"Cambridge, United Kingdom",1
Campbelltown Hospital,1,Australia,"Sydney, New South Wales",1
Canberra Hospital,1,Australia,"Canberra, Australian Capital Territory",1
Cancer AND Blood Specialty Clinic,1,United States,"Torrance, California",1
Cancer And Haematology Centre,1,United Kingdom,"Oxford, United Kingdom",1
Cancer Care Associates PC,1,United States,"Royal Oak, Michigan",1
Cancer Care Northwest,1,United States,"Spokane, Washington",3
Cancer Care Service Hervey Bay,1,Australia,"Urraween, Queensland",1
Cancer Care Wollongong Pty Limited,1,Australia,"Wollongong, Australia",1
Cancer Center of Acadiana,1,United States,"Lafayette, Louisiana",1
Cancer Center of Colorado at Sloan's Lake,1,United States,"Denver, Colorado",1
Cancer Hospital Affiliated to Shandong First Medical University,1,China,"Jinan, China",1
Cancer Hospital Affliated to Xinjiang Medical University,1,China,"Ürümqi, Xinjiang",1
Cancer Hospital Chinese Academy of Medical Science,1,China,"Beijing, Beijing Municipality",1
Cancer Hospital Chinese Academy of Medical Sciences. Shenzhen Center,1,China,"Shenzhen, Guangdong",1
Cancer Hospital of China Medical University,1,China,"Shenyang, China",1
Cancer Hospital of Chinese Academy of Medical Sciences,1,China,"Beijing, Beijing Municipality",1
Cancer Hospital of Guangxi Medical University,1,China,"Nanning, Guangxi",1
Cancer Hospital of Guangzhou Medical University,1,China,"Guangzhou, Guangdong",1
Cancer Institute & Hospital,1,China,"Beijing, China",1
Cancer Institute Hospital of Jfcr,1,Japan,"Kotoku, Tokyo",1
Cancer Research Centre,1,Georgia,"Tbilisi, Georgia",1
Cancer Research Centre. Mardaleishvili Medical Centre,1,Georgia,"Tbilisi, Georgia",1
Cancer Research South Australia,1,Australia,"Adelaide, South Australia",1
Cancer Specialists Of North Florida,1,United States,"Saint Augustine, Florida",1
Cancer Specialists of North Florida Southside,1,United States,"Jacksonville, Florida",1
Cancer Specialists of Tidewater,1,United States,"Suffolk, Virginia",1
Cancer Specialists of Tidewater Limited,1,United States,"Chesapeake, Virginia",1
Cancer Treamtent Clinic and Clinical Trials Sa de Cv,1,Mexico,"Guadalajara, Jalisco",1
Cancer and Blood Research Center,1,United States,"Los Alamitos, California",1
Caner hospital & Shenzhen Hospital,1,China,"Shenzhen, shenzhen",1
Cangzhou Central Hospital,1,China,"Cangzhou, Hebei",1
Cangzhou People's Hospital,1,China,"Cangzhou, Hebei",1
Cangzhou hospital of integrated TCM,1,China,"Cangzhou, Hebei",1
Cannes,1,France,"Cannes, France",1
Cantonal Hospital Baden,1,Switzerland,"Baden, Switzerland",1
Cardiomed,1,Romania,"Cluj-Napoca, Romania",1
Cardiomed Srl,1,Romania,"Cluj-Napoca, Cluj",1
Carle BroMenn Medical Center,1,United States,"Normal, Illinois",1
Carle Cancer Institute Normal,1,United States,"Normal, Illinois",1
Carmel Hospital,1,Israel,"Haifa, Ḥeifā",1
Carolina Oncology Specialists,1,United States,"Hickory, North Carolina",1
Carolina Urologic Research Center,1,United States,"Myrtle Beach, South Carolina",1
Casa Di Cura Polispecialistica Dott Pederzoli,1,Italy,"Peschiera del Garda, Italy",1
Casa de Saúde Santa Marcelina,1,Brazil,"São Paulo, Brazil",1
Catarina Pesquisa Clínica,1,Brazil,"Itajaí, South Carolina",1
Caucasus Medical Centre,1,Georgia,"Tbilisi, Adjara",1
Caucasus Medical Centre LLC,1,Georgia,"Tbilisi, Georgia",1
Cayuga Medical Center,1,United States,"Ithaca, New York",1
Cemic,1,Argentina,"Ciudad Autonoma Buenos Aires, Buenos Aires",1
Cengild G.I. Medical Centre,1,Malaysia,"Kuala Lumpur, Malaysia",1
Center Hospitalier Universitaire d' Angers,1,France,"Angers, France",1
Center for Lung Cancer,1,South Korea,"Goyang-si, South Korea",1
Central Apotheke,1,Germany,"Steinbach, Germany",1
Central Hospital Affiliated to Shangdong First Medical University,1,China,"Jinan, Shangdong",1
Central Hospital Affiliated to Shangdong of First Medical University,1,China,"Jinan, Shandong",1
Central Maryland Radiation Oncology in Howard County,1,United States,"Columbia, Maryland",1
Central West Cancer Care Centre,1,Australia,"Orange, Australia",1
Central hospital affiliated to Shandong first medical university,1,China,"Jinan, Shandong",1
Centre Alexis Vautrin,1,France,"Vandœuvre-lès-Nancy, France",1
Centre Antoine,1,France,"Nice, Provence-Alpes-Côte d'Azur Region",1
Centre Antoine Lacassagne,1,France,"Nice, France",1
Centre De Cancerologie Du Grand Montpellier,1,France,"Montpellier, Occitanie",1
Centre Eugène Marquis,1,France,"Rennes, France",1
Centre Georges Francois Leclerc,1,France,"Dijon, France",1
Centre Georges Franăois Leclerc,1,France,"Dijon, France",1
Centre Hosp Intercommunal de Creteil,1,France,"Créteil, Val-de-Marne",1
Centre Hospitalier Départemental Vendée,1,France,"La Roche-sur-Yon, France",1
Centre Hospitalier Intercommunal,1,France,"Toulon, France",1
Centre Hospitalier Intercommunal Toulon La Seyne Sur Mer,1,France,"Toulon, France",1
Centre Hospitalier Le Mans,1,France,"Le Mans, France",1
Centre Hospitalier Lyon,1,France,"Lyon, Auvergne-Rhône-Alpes",1
Centre Hospitalier Lyon Sud,1,France,"Pierre-Bénite, France",1
Centre Hospitalier Metropole Savoie Site de Chambery,1,France,"Chambéry, Savoie",1
Centre Hospitalier Regional Universitaire Brest,1,France,"Brest, Finistère",1
Centre Hospitalier Régional et Universitaire de Besançon,1,France,"Besançon, Doubs",1
Centre Hospitalier Sainte Musse Toulon,1,France,"Toulon, France",1
Centre Hospitalier Universitaire Cavale Blanche,1,France,"Brest, Brittany Region",1
Centre Hospitalier Universitaire De Grenoble,1,France,"La Tronche, France",1
Centre Hospitalier Universitaire De Nantes,1,France,"Nantes, France",1
Centre Hospitalier Universitaire Dijon Bourgogne,1,France,"Dijon, Bourgogne-Franche-Comté",1
Centre Hospitalier Universitaire Dupuytren 1,1,France,"Limoges, Haute-Vienne",1
Centre Hospitalier Universitaire Nantes Hotel Dieu,1,France,"Nantes, France",1
Centre Hospitalier Universitaire Université Catholique de Louvain Namur,1,Belgium,"Namur, Wallonia",1
Centre Hospitalier Universitaire Vaudois,1,Switzerland,"Lausanne, Switzerland",1
Centre Hospitalier Universitaire Vaudois Lausanne,1,Switzerland,"Lausanne, Switzerland",1
Centre Hospitalier Universitaire d' Angers,1,France,"Angers, France",1
Centre Hospitalier Universitaire de Nîmes,1,France,"Nîmes, Gard",1
Centre Hospitalier Universitaire de Toulouse,1,France,"Toulouse, France",1
Centre Hospitalier de Cholet,1,France,"Cholet, PAYS de Loire",1
Centre Hospitalier de Pau,1,France,"Pau, Pyrenees-Atlantiques",1
Centre Hospitalier de la Côte Basque,1,France,"Bayonne, Pyrénées-Atlantiques",1
Centre Hospitalier de luniversite de Montreal,1,Canada,"Montreal, Quebec",1
Centre Hospitalier du Morvan,1,France,"Brest, France",1
Centre Hospitalier intercommunal de Toulon La Seyne sur Mer,1,France,"Toulon, Provence-Alpes-Côte d'Azur Region",1
Centre Integre universitaire de sante et de services sociaux du Saguenay,1,Canada,"Chicoutimi, Quebec",1
Centre Intégré Universitaire de Santé et de Services Sociaux du Saguenay,1,Canada,"Chicoutimi, Quebec",1
Centre Intégré de Santé et de Services Sociaux,1,Canada,"Laval, Quebec",1
Centre Intégré de Santé et de Services Sociaux du Bas,1,Canada,"Rimouski, Quebec",1
Centre Léon Bérard Centre Régional de Lutte Contre Le Cancer,1,France,"Lyon, France",1
Centre Regional Lutte Contre Le Cancer Paul Strauss,1,France,"Strasbourg, France",1
Centre René Huguenin,1,France,"Saint-Cloud, France",1
Centre d'Essais Precoces en Cancerologie de Marseille,1,France,"Marseille, France",1
Centre d'Oncologie de Gentilly,1,France,"Nancy, Meurthe-et-Moselle",1
Centre de Cancérologie du Grand Montpellier,1,France,"Montpellier, Languedoc-roussillon",1
Centre de Lutte contre le Cancer,1,France,"Nice, France",1
Centre hospitalier d'Avignon,1,France,"Avignon, France",1
Centre integre universitaire de sante et de services sociaux de l'Estrie,1,Canada,"Sherbrooke, Quebec",1
Centre integre universitaire de sante et de services sociaux de la Mauricie,1,Canada,"Trois-Rivières, Quebec",1
Centre intégré universitaire de santé et de services sociaux du Nord,1,Canada,"Montreal, Quebec",1
Centricity Research Columbus Cancer Center,1,United States,"Columbus, Georgia",1
Centro Gaucho Integrado De Oncologia,1,Brazil,"Porto Alegre, Rio Grande do Sul",1
Centro Gaucho Integrado de Oncologia Hospital Mae de Deus,1,Brazil,"Porto Alegre, Brazil",1
Centro Hospitalar Universitario do Porto,1,Portugal,"Porto, Portugal",1
Centro Integral De Oncologia Gastrointestinal Y Hemato,1,Guatemala,"Guatemala City, Guatemala",1
Centro Integral Oncologico Clara Campal,1,Spain,"Madrid, Spain",1
Centro Medico Privado CEMAIC,1,Argentina,"Córdoba, Argentina",1
Centro Médico Austral,1,Argentina,"Ciudad Autonoma Buenos Aires, Buenos Aires F.D.",1
Centro Médico IPAM,1,Argentina,"Rosario, Santa Fe Province",1
Centro Médico Privado CEMIC,1,Argentina,"Córdoba, Argentina",1
Centro Oncológico Personalizado,1,Mexico,"Mexico City, Mexico",1
Centro Paulista de Oncologia Clínica,1,Brazil,"São Paulo, Brazil",1
Centro Paulista de Oncologia S A,1,Brazil,"Vila Olímpia, Brazil",1
Centro Privado de RMI Río Cuarto S.A. II,1,Argentina,"Río Cuarto, Córdoba Province",1
Centro Ricerche Cliniche di Verona,1,Italy,"Verona, Italy",1
Centro Ricerche Cliniche di Verona s.r.l. c,1,Italy,"Verona, Other",1
Centro Urológico Profesor Bengió,1,Argentina,"Córdoba, Argentina",1
Centro de Atención e Investigación Cardiovascular del Potosí,1,Mexico,"San Luis Potosí City, San Luis Potosí",1
Centro de Infusion E Investigacion Oncologia de Saltillo S.C,1,Mexico,"Saltillo, Coahuila",1
Centro de Investigacion Clinica Bradford Hill,1,Chile,"Santiago, Chile",1
Centro de Investigacion Clinica Chapultepec S.A. de C.V,1,Mexico,"Morelia, Mexico",1
Centro de Investigacion Clínica Chapultepec SA de CV,1,Mexico,"Morelia, Michoacán",1
Centro de Investigacion Pergamino SA,1,Argentina,"Pergamino, Argentina",1
Centro de Investigaciones Clinicas Clinica Viedma S.A,1,Argentina,"Viedma, Río Negro Province",1
Centro de Investigaciones Clinicas UC CICUC,1,Chile,"Santiago, Chile",1
Centro de Investigaciones Medicas y Desarrollo LC,1,Argentina,"Buenos Aires, Cdad. Autónoma de Buenos Aires",1
Centro de Investigaciones Medicas y Desarrollo LC SRL,1,Argentina,"Ciudad Autonoma Buenos Aires, Argentina",1
Centro de Investigaciones Metabólicas,1,Argentina,"Buenos Aires, Argentina",1
Centro de Investigación Clínica y Medicina Traslacional,1,Mexico,"Guadalajara, Jalisco",1
Centro de Oncologia de Precision,1,Chile,"Santiago, Chile",1
Centro de Oncologia de Precision de la Universidad Mayor,1,Chile,"Santiago, Chile",1
Centro de Oncología e Investigación de Buenos Aires,1,Argentina,"Berazategui, Buenos Aires",1
Centro de Pesquisa Clínica do Instituto do Câncer do Ceará,1,Brazil,"Fortaleza, Ceará",1
Centro de Pesquisa Sao Lucas,1,Brazil,"Campinas, São Paulo",1
Centro de Pesquisas Clinica Reichow,1,Brazil,"Blumenau, Brazil",1
Centro de Tratamento Oncologico,1,Brazil,"Ribeirão Preto, Brazil",1
Centrul Medical Medicover Victoria,1,Romania,"Bucharest, Bucharest",1
Centrul Medical de Diagnostic si Tratament Ambulator Neomed SRL,1,Romania,"Brasov, Romania",1
Centrul de Oncologie Euroclinic srl,1,Romania,"Iași, Romania",1
Centrul de Oncologie Sf Nectarie,1,Romania,"Craiova, Dolj",1
Centrul de Oncologie Sf. Nectarie S.R.L,1,Romania,"Craiova, Romania",1
Centrul de Oncologie Sfantul Nectarie Craiova,1,Romania,"Craiova, Romania",1
Centrum Medyczne MEDYK,1,Poland,"Rzeszów, Poland",1
Centrum Medyczne Pratia Poznan,1,Poland,"Poznan, Poland",1
Centrum Onkologii Im. Prof. F. Łukaszczyka w Bydgoszczy,1,Poland,"Bydgoszcz, Kuyavian-Pomeranian Voivodeship",1
Centrum für Hämatologie und Onkologie Bethanien,1,Germany,"Frankfurt am Main, Hesse",1
Centura Health,1,United States,"Westminster, Colorado",1
Cepen,1,Brazil,"Florianópolis, Santa Catarina",1
Cetus Oncologia,1,Brazil,"Belo Horizonte, Minas Gerais",1
Chan Soon,1,United States,"El Segundo, California",1
Changhai Hospital,1,China,"Shanghai, China",1
Changsha Central Hospital,1,China,"Changsha, China",1
Changzhi People's Hospital,1,China,"Changzhi, Shanxi",1
Changzhou Tumor Hospital,1,China,"Changzhou, Jiangsu",1
Chao Family Comprehensive Cancer Care and Ambulatory Care,1,United States,"Irvine, California",1
Chao Family Comprehensive Cancer Center,1,United States,"Orange, California",1
Charite Comprehensive Cancer Center,1,Germany,"Berlin, Germany",1
Charite Research Organisation GmbH,1,Germany,"Berlin, Germany",1
Charite Universitaetsmedizin Berlin,1,Germany,"Berlin, Germany",1
Charite Universitaetsmedizin Berlin Campus Virchow,1,Germany,"Berlin, Germany",1
Charite Universitatsmedizin Berlin,1,Germany,"Berlin, Germany",1
Charité Universitätsmedizin Berlin Campus Virchow Klinikum Klinik mit Schwerpunkt Infektiologie und Pneumologie,1,Germany,"Berlin, Germany",1
Chauny,1,France,"Chauny, France",1
Chester County Hospital,1,United States,"West Chester, Pennsylvania",1
Chi Mei Medical Center,1,Taiwan,"Tainan, Taiwan",1
Chiangrai Prachanukroh Hospital,1,Thailand,"Chiang Rai, Thailand",1
China Medical University Hsinchu Hospital,1,Taiwan,"Hsinchu, Taiwan",1
Chinese Academy of Medical Sciences Cancer Hospital Shenzhen Hospital,1,China,"Guangzhou, Province",1
Chinese PLA General Hospital,1,China,"Beijing, China",1
Chinese People's Liberation Army General Hospital,1,China,"Beijing, Beijing Municipality",1
Ching,1,Taiwan,"Taoyuan City, Taiwan",1
Cho Ray Hospital,1,Vietnam,"Ho Chi Minh, Hanoi",1
Chongqing Cancer Hospital,1,China,"Chongqing, Chongqing Municipality",1
Chris O'Brien Lifehouse Hospital,1,Australia,"Camperdown, New South Wales",1
Christ Hospital Cancer Center,1,United States,"Cincinnati, Ohio",1
Christiana Care,1,United States,"Elkton, Maryland",1
Christus Saint Frances Cabrini Hospital,1,United States,"Alexandria, Louisiana",1
Christus St. Vincent Regional Medical Center,1,United States,"Santa Fe, New Mexico",1
Chu Bordeaux,1,France,"Bordeaux, France",1
Chu Grenoble Alpes,1,France,"La Tronche, Isère",1
Chu Jean Minjoz,1,France,"Besançon, Doubs",1
Chu Timone,1,France,"Marseille, France",1
Chu de Liăge,1,Belgium,"Liège, Belgium",1
Chugoku Central Hospital,1,Japan,"Fukuyama, Hiroshima",1
Chulabhorn Hospital,1,Thailand,"Laksi, Thailand",1
Chung Shan Medical University,1,Taiwan,"Taichung, Taiwan",1
Circuit Clinical,1,United States,"Madison, Wisconsin",1
Clalit Health Services through Rabin Medical Center,1,Israel,"Petah Tikva, Israel",1
Clearview Cancer Institute,1,United States,"Huntsville, Alabama",2
Clement J. Zablocki VA Medical Center,1,United States,"Milwaukee, Wisconsin",1
Clinexpert Kft. telephelye,1,Hungary,"Gyöngyös, Hungary",1
Clinic Agios Loukas,1,Greece,"Thessaloniki, Central Macedonia",1
Clinic for lung diseases,1,Croatia,"Zagreb, Croatia",1
Clinica Integral Internacional de Oncolgia S. de R.L. de C.V ú Oncocenter,1,Mexico,"Puebla City, Mexico",1
Clinica MedLife Polisano Sibiu,1,Romania,"Sibiu, Romania",1
Clinica Medellin S.A,1,Colombia,"Medellín, Colombia",1
Clinica Mi Tres Torres Barcelona,1,Spain,"Barcelona, Catalonia",1
Clinica Oncologica Especializada,1,Mexico,"Mexico City, Mexico City",1
Clinica Redsalud Vitacura,1,Chile,"Santiago, Chile",1
Clinica Somer,1,Colombia,"Rionegro, Antioquia",1
Clinica Univ. de Navarra,1,Spain,"Pamplona, Spain",1
Clinica Vallesur,1,Peru,"Arequipa, Ariqipa",1
Clinica Viver,1,Brazil,"Santa Maria, Rio Grande do Sul",1
Clinica de Pesquisas e Centro de Estudos Em Oncologia Ginecologica e Mamaria Ltda,1,Brazil,"São Paulo, São Paulo",1
Clinical Hospital Center,1,Serbia,"Belgrade, Beograd",1
Clinical Research & Oncology Oaxaca,1,Mexico,"Oaxaca City, Mexico",1
Clinical Research Advisors,1,United States,"Los Angeles, California",4
Clinical Site,1,United States,"The Bronx, New York",1
Clinical Site Study,1,China,"Changzhou, Jiangsu",2
Clinical Study Site,1,United States,"Ankara, Turkey (Türkiye)",253
Clinical Study Sites,1,United States,"Athens, Greece",14
Clinical Trial Network,1,United States,"Houston, Texas",1
Clinical Trial Site,1,United States,"Huntersville, North Carolina",3
Clinical and Translational Research Center,1,United States,"Aurora, Colorado",1
Cliniche Gavazzeni S.p.A,1,Italy,"Bergamo, Italy",1
Clinique Ambroise Pare,1,France,"Neuilly-sur-Seine, France",1
Clinique Clementville,1,France,"Montpellier, France",1
Clinton Memorial Hospital,1,United States,"Wilmington, Ohio",1
Clínica Alemana Valdivia,1,Chile,"Valdivia, Los Ríos Region",1
Clínica Internacional,1,Peru,"Lima, Peru",1
Clínica Mayo de Urgencias Médicas Cruz Blanca S.R.L,1,Argentina,"San Miguel de Tucumán, Tucumán Province",1
Clínica Mi Tres Torres,1,Spain,"Barcelona, Spain",1
Clínica Vespucio,1,Chile,"Santiago, Santiago Metropolitan",1
Clínica de Neoplasias Litoral,1,Brazil,"Itajaí, Santa Catarina",1
Cochin Hospital,1,France,"Paris, France",1
Coffs Harbour Health Campus,1,Australia,"Coffs Harbour, New South Wales",1
Colentina Hospital,1,Romania,"Bucharest, Romania",1
Coltea Clinical Hospital,1,Romania,"Bucharest, Romania",1
"Communal Noncommercial Enterprise ""Podillia Regional Oncolog",1,Ukraine,"Vinnytsia, Vinnytsia Oblast",1
"Communal Noncommercial Enterprise ""Podillia Regional Oncology Center Of Vinnytsia Regional Council""",1,Ukraine,"Vinnytsia, Vinnytsia Oblast",1
"Communal noncommercial enterprise of Lviv regional council ""Lviv oncological regional therapeutical",1,Ukraine,"Lviv, Lviv Oblast",1
Community Cancer Trials Of Utah,1,United States,"Ogden, Utah",1
Community Cancer Trials of Utah,1,United States,"Ogden, Utah",1
Community Health Network Investigational Drug Services,1,United States,"Indianapolis, Indiana",1
Compass Oncology,1,United States,"Vancouver, Washington",1
Compassionate Cancer Care Center,1,United States,"Fountain Valley, California",1
Complejo Hospitalario Universitario,1,Spain,"A Coruña, Spain",1
Complejo Hospitalario Universitario A Coruña,1,Spain,"A Coruña, La Coruña",1
Complejo Hospitalario Universitario Insular,1,Spain,"Las Palmas de Gran Canaria, Spain",1
Complejo Hospitalario Universitario Insular Materno,1,Spain,"Las Palmas de Gran Canaria, Spain",1
Complejo Hospitalario Universitario a Coruña,1,Spain,"A Coruña, Spain",1
Complejo Hospitalario Universitario de Santiago,1,Spain,"Santiago de Compostela, Spain",1
Complejo Hospitalario de Navarra,1,Spain,"Pamplona, Pamplona",1
Complex Cancer Center Plovdiv,1,Bulgaria,"Plovdiv, Bulgaria",1
Complex Oncological Center Ruse Ltd,1,Bulgaria,"Rousse, Bulgaria",1
Comprehensive Medical Center PLLC,1,United States,"Royal Oak, Michigan",1
Consorcio Hospitalario Provincial de Castellon,1,Spain,"Castellon, Castellon",1
Consorcio Hospitalario Provincial de Castellón,1,Spain,"Castellon, Spain",1
Consultants in Medical Oncology and Hematology,1,United States,"Broomall, Pennsylvania",1
Cookeville Regional Medical Center,1,United States,"Cookeville, Tennessee",1
Cooperman Barnabas Medical Center,1,United States,"Livingston, New Jersey",1
Corewell Health,1,United States,"Grand Rapids, Michigan",4
Corewell Health Investigational Drug Services,1,United States,"Grand Rapids, Michigan",1
Cork Radiation Oncology Associates Limited,1,Ireland,"Cork, Ireland",1
Corporal Michael J. Crescenz VA Medical Center,1,United States,"Philadelphia, Pennsylvania",1
Covenant Children's Hospital,1,United States,"Lubbock, Texas",1
Covenant Medical Center,1,United States,"Lubbock, Texas",1
Cox Cancer Center Branson,1,United States,"Branson, Missouri",1
Cox Medical Center North,1,United States,"Springfield, Missouri",1
Creighton University Medical Center,1,United States,"Omaha, Nebraska",1
Crozer,1,United States,"Broomall, Pennsylvania",2
Crozer Regional Cancer Center at Brinton Lake,1,United States,"Glen Mills, Pennsylvania",1
D & H Cancer Research Center,1,United States,"Margate, Florida",1
D&H Cancer Research Center LLC,1,United States,"Margate, Florida",1
D&H National Research Center,1,United States,"Margate, Florida",1
DGD Lungenklinik Hemer,1,Germany,"Hemer, Germany",1
DHR Health Oncology Institute,1,United States,"Edinburg, Texas",1
Dalin Tzu Chi Hospital,1,Taiwan,"Chiayi City, Taiwan",1
Dartmouth Hitchcock Medical,1,United States,"Lebanon, New Hampshire",1
David C. Pratt Cancer Center,1,United States,"St Louis, Missouri",1
Dayton Physicians Network,1,United States,"Dayton, Ohio",1
Debreceni Egyetem Altalanos Orvostudomanyi Kar Tudogyogyaszati Tanszek,1,Hungary,"Debrecen, Hajdú-Bihar",1
Debreceni Egyetem Klinikai Kozpont Nagyerdei Campus,1,Hungary,"Debrecen, Hungary",1
Deenanath Mangeshkar Hospital and Research Centre,1,India,"Pune, India",1
Degan Lu,1,China,"Jinan, Shandong",1
Dell Seton Medical Center,1,United States,"Austin, Texas",1
Delta Health Care S.R.L,1,Romania,"Bucharest, Romania",1
Department of Chest Medicine,1,Taiwan,"Taipei, Taiwan",1
Department of Clinical Oncology,1,Hong Kong,"Hong Kong, Hong Kong",1
Department of Hematology,1,Singapore,"Singapore, Singapore",1
Department of Thoracic Surgery,1,China,"Guangzhou, China",1
Department of Thoracic Surgery and Oncology,1,China,"Guangzhou, Guangdong",1
Department of Thoracic and Vascular Surgery Tenon University Hospital,1,France,"Paris, France",1
Dept of Oncology,1,Sweden,"Gothenburg, Sweden",2
Dept of pulmonary medicine,1,Sweden,"Linköping, Sweden",2
Dept. of Oncology,1,Sweden,"Umeå, Sweden",2
Desert West Surgery,1,United States,"Las Vegas, Nevada",1
Diagnostic and Consultative Center Convex,1,Bulgaria,"Sofia, Bulgaria",1
Diagnostic centre,1,United Kingdom,"London, United Kingdom",1
Dicle Universitesi Tip,1,Turkey (Türkiye),"Diyarbakır, Turkey (Türkiye)",1
Dicle University Faculty of Medicine Hospital,1,Turkey (Türkiye),"Diyarbakır, Turkey (Türkiye)",1
Disc_Barts Health NHS Trust,1,United Kingdom,"London, Greater London",1
District One Hospital,1,China,"Beijing, Beijing Municipality",1
Divisione di Sviluppo di Nuovi Farmaci per Terapie Innovative lstituto Europeo di Oncologia,1,Italy,"Milan, Milan",1
Dokkyo Medical University Saitama Medical Center,1,Japan,"Koshigaya, Saitama",1
Dolnoslaskie Centrum Onkologii Pulmonologii i Hematologii,1,Poland,"Wroclaw, Lower Silesian Voivodeship",1
Dolnośląskie Centrum Onkologii,1,Poland,"Wroclaw, Lower Silesian Voivodeship",1
Dominican Santa Cruz Hospital,1,United States,"Santa Cruz, California",1
Dongguan People s Hospital,1,China,"Dongguan, China",1
Dongguan People's Hospital,1,China,"Dongguan, China",1
Doylestown Hospital,1,United States,"Doylestown, Pennsylvania",1
Dr B. L. Kapur Memorial Hospital,1,India,"New Delhi, National Capital Territory of Delhi",1
Dr. Abdurrahman Yurtaslan Ankara Oncology Research and Training Hospital,1,Turkey (Türkiye),"Ankara, Turkey (Türkiye)",1
Dr. Abdurrahman Yurtaslan Ankara Oncology Training and Research Hospital,1,Turkey (Türkiye),"Ankara, Turkey (Türkiye)",1
Dr. Abdurrahman Yurtaslan Ankara Training and Research Hospital,1,Turkey (Türkiye),"Ankara, Turkey (Türkiye)",1
Dr. Abdurrahman Yurtaslan Oncology Teaching and Research Hospital,1,Turkey (Türkiye),"Ankara, Turkey (Türkiye)",1
Dr. Suat Seren Gogus Has,1,Turkey (Türkiye),"Izmir, Turkey (Türkiye)",1
Drexel Town Square Health Center,1,United States,"Oak Creek, Wisconsin",1
Dubbo Hospital,1,Australia,"Dubbo, Australia",1
Duly Health and Care Joliet,1,United States,"Joliet, Illinois",1
Dunedin Hospital,1,New Zealand,"Dunedin, Otago",1
Duplicate_Memphis VA Medical Center,1,United States,"Memphis, Tennessee",1
Durham Regional Cancer Centre,1,Canada,"Oshawa, Ontario",1
ECOG,1,United States,"Philadelphia, Pennsylvania",1
ECU Health Medical Center,1,United States,"Greenville, North Carolina",1
ECU Health Oncology Kenansville,1,United States,"Kenansville, North Carolina",1
ECU Health Oncology Kinston,1,United States,"Kinston, North Carolina",1
ECU Health Oncology Richlands,1,United States,"Richlands, North Carolina",1
EDOG Institut de Cancerologie de l'Ouest,1,France,"Saint-Herblain, Loire-Atlantique",1
EOC Istituto Oncologico della Svizzera Italiana,1,Switzerland,"Viganello, Switzerland",1
EVANGELISMOS S.A,1,Greece,"Athens, Attica",1
Eastbourne District General Hospital,1,United Kingdom,"Eastbourne, United Kingdom",1
Eastern CT Hematology & Oncology Associates,1,United States,"Norwich, Connecticut",1
Eastern Connecticut Hematology and Oncology Associates,1,United States,"Norwich, Connecticut",1
Edelenyi Koch Robert Korhaz es Rendelointezet,1,Hungary,"Edelény, Hungary",1
Edinburgh Cancer Centre,1,United Kingdom,"Edinburgh, Scotland",1
Edward Cancer Center,1,United States,"Naperville, Illinois",1
Edward Hines Jr. VA Hospital,1,United States,"Hines, Illinois",1
Edward Hospital,1,United States,"Naperville, Illinois",1
Ege University Medical Faculty,1,Turkey (Türkiye),"Izmir, Turkey (Türkiye)",1
Elche General University Hospital,1,Spain,"Elche, Alicante",3
Elisabeth,1,Netherlands,"Tilburg, North Holland",1
Elliot Hospital,1,United States,"Manchester, New Hampshire",1
Ellis Hospital,1,United States,"Schenectady, New York",1
Elliston Place Medical Oncology & Hematology,1,United States,"Nashville, Tennessee",1
Elmhurst Hospital Nancy Knowles Cancer Center,1,United States,"Elmhurst, Illinois",1
Elmhurst Memorial Hospital,1,United States,"Elmhurst, Illinois",1
Emad Ibrahim MD Inc,1,United States,"Redlands, California",1
Emek Medical Center,1,Israel,"Afula, Israel",1
Endeavor Health,1,United States,"Elmhurst, Illinois",2
Ensino e Terapia de Inovação Clínica AMO,1,Brazil,"Salvador, Estado de Bahia",1
Eoc,1,Switzerland,"Bellinzona, Switzerland",1
Epic Care,1,United States,"Dublin, California",1
Epic Care Cyberknife Center,1,United States,"Walnut Creek, California",1
Epic Care Partners in Cancer Care,1,United States,"Emeryville, California",1
Equipo de Farmacia Oncológica,1,Spain,"Santander, Cantabria",1
Erasmus Medical Center,1,Netherlands,"Rotterdam, South Holland",1
Erasmus Universitair Medisch Centrum Rotterdam Department of Pulmonary Medicine,1,Netherlands,"Rotterdam, Netherlands",1
Erciyes Universitesi Tıp Fakultesi Hastanesi,1,Turkey (Türkiye),"Kayseri, Turkey (Türkiye)",1
Erciyes University,1,Turkey (Türkiye),"Talas, Kayseri",1
Essex Oncology of North Jersey,1,United States,"Belleville, New Jersey",1
Ethics review board of Tianjin Medical University Cancer Institute and Hospital,1,China,"Tianjin, Tianjin Municipality",1
Evangelisches Krankenhaus Bielefeld,1,Germany,"Bielefeld, North Rhine-Westphalia",1
Evangelisches Krankenhaus Herne,1,Germany,"Herne, North Rhine-Westphalia",1
Ewha Womans University Mokdong Hospital,1,South Korea,"Seoul, Seoul-teukbyeolsi [seoul]",1
Exelixis Clinical Site #1,1,United States,"Tucson, Arizona",1
Exelixis Clinical Site #10,1,United States,"Cleveland, Ohio",1
Exelixis Clinical Site #100,1,Spain,"Madrid, Spain",1
Exelixis Clinical Site #101,1,Italy,"Milan, Italy",1
Exelixis Clinical Site #102,1,Germany,"Nürtingen, Germany",1
Exelixis Clinical Site #103,1,Germany,"Essen, Germany",1
Exelixis Clinical Site #104,1,United States,"Hershey, Pennsylvania",1
Exelixis Clinical Site #105,1,United States,"Hackensack, New Jersey",1
Exelixis Clinical Site #106,1,Austria,"Wein, Austria",1
Exelixis Clinical Site #107,1,Germany,"Trier, Germany",1
Exelixis Clinical Site #108,1,Germany,"Heidelberg, Germany",1
Exelixis Clinical Site #109,1,France,"Lyon, France",1
Exelixis Clinical Site #11,1,United States,"Gainesville, Florida",1
Exelixis Clinical Site #110,1,United Kingdom,"Cambridge, United Kingdom",1
Exelixis Clinical Site #111,1,United States,"Dallas, Texas",1
Exelixis Clinical Site #112,1,Germany,"München, Germany",1
Exelixis Clinical Site #113,1,Germany,"Hamburg, Germany",1
Exelixis Clinical Site #114,1,Poland,"Wroclaw, Poland",1
Exelixis Clinical Site #115,1,France,"Villejuif, France",1
Exelixis Clinical Site #116,1,Australia,"Albury, Australia",1
Exelixis Clinical Site #117,1,Italy,"Bologna, Italy",1
Exelixis Clinical Site #118,1,France,"Clermont-Ferrand, France",1
Exelixis Clinical Site #119,1,Spain,"Santander, Spain",1
Exelixis Clinical Site #12,1,United States,"Durham, North Carolina",1
Exelixis Clinical Site #120,1,Spain,"L'Hospitalet de Llobregat, Spain",1
Exelixis Clinical Site #121,1,Italy,"Ancona, Italy",1
Exelixis Clinical Site #122,1,United States,"Louisville, Kentucky",1
Exelixis Clinical Site #123,1,United States,"Palo Alto, California",1
Exelixis Clinical Site #13,1,United States,"Detroit, Michigan",1
Exelixis Clinical Site #14,1,United States,"Baltimore, Maryland",1
Exelixis Clinical Site #15,1,Spain,"Barcelona, Spain",1
Exelixis Clinical Site #16,1,Australia,"Brisbane, Australia",1
Exelixis Clinical Site #18,1,Spain,"Pamplona, Spain",1
Exelixis Clinical Site #19,1,Spain,"Madrid, Spain",1
Exelixis Clinical Site #2,1,United States,"Omaha, Nebraska",1
Exelixis Clinical Site #20,1,Poland,"Bydgoszcz, Poland",1
Exelixis Clinical Site #21,1,Switzerland,"Chur, Switzerland",1
Exelixis Clinical Site #22,1,Switzerland,"Sankt Gallen, Switzerland",1
Exelixis Clinical Site #23,1,Spain,"Seville, Spain",1
Exelixis Clinical Site #24,1,United States,"Pittsburgh, Pennsylvania",1
Exelixis Clinical Site #25,1,Spain,"Valencia, Spain",1
Exelixis Clinical Site #26,1,United States,"Chicago, Illinois",1
Exelixis Clinical Site #27,1,Spain,"Barcelona, Spain",1
Exelixis Clinical Site #28,1,Poland,"Gdansk, Poland",1
Exelixis Clinical Site #29,1,Austria,"Vienna, Austria",1
Exelixis Clinical Site #3,1,United States,"Nashville, Tennessee",1
Exelixis Clinical Site #30,1,New Zealand,"Grafton, New Zealand",1
Exelixis Clinical Site #31,1,Austria,"Salzburg, Austria",1
Exelixis Clinical Site #32,1,United States,"Pittsburgh, Pennsylvania",1
Exelixis Clinical Site #33,1,United States,"Milwaukee, Wisconsin",1
Exelixis Clinical Site #34,1,Poland,"Otwock, Poland",1
Exelixis Clinical Site #35,1,Australia,"Birtinya, Australia",1
Exelixis Clinical Site #36,1,Australia,"Sydney, Australia",1
Exelixis Clinical Site #37,1,Belgium,"Kortrijk, Belgium",1
Exelixis Clinical Site #38,1,Israel,"Ẕerifin, Israel",1
Exelixis Clinical Site #39,1,Belgium,"Anderlecht, Belgium",1
Exelixis Clinical Site #4,1,United States,"Indianapolis, Indiana",1
Exelixis Clinical Site #40,1,Italy,"Naples, Italy",1
Exelixis Clinical Site #41,1,Spain,"Badajoz, Spain",1
Exelixis Clinical Site #42,1,Australia,"Saint Leonards, Australia",1
Exelixis Clinical Site #43,1,Spain,"Madrid, Spain",1
Exelixis Clinical Site #44,1,Switzerland,"Winterthur, Switzerland",1
Exelixis Clinical Site #45,1,New Zealand,"Hamilton, New Zealand",1
Exelixis Clinical Site #46,1,United States,"Austin, Texas",1
Exelixis Clinical Site #47,1,United States,"Miami, Florida",1
Exelixis Clinical Site #48,1,United States,"Celebration, Florida",1
Exelixis Clinical Site #49,1,United States,"Newark, Delaware",1
Exelixis Clinical Site #5,1,United States,"Omaha, Nebraska",1
Exelixis Clinical Site #50,1,United States,"Plano, Texas",1
Exelixis Clinical Site #51,1,United States,"Portland, Oregon",1
Exelixis Clinical Site #52,1,Israel,"Jerusalem, Israel",1
Exelixis Clinical Site #53,1,Spain,"Barcelona, Spain",1
Exelixis Clinical Site #54,1,Poland,"Poznan, Poland",1
Exelixis Clinical Site #55,1,United States,"Las Vegas, Nevada",1
Exelixis Clinical Site #56,1,Spain,"Valencia, Spain",1
Exelixis Clinical Site #57,1,Spain,"Madrid, Spain",1
Exelixis Clinical Site #58,1,Spain,"Madrid, Spain",1
Exelixis Clinical Site #59,1,United States,"Santa Barbara, California",1
Exelixis Clinical Site #6,1,United States,"New York, New York",1
Exelixis Clinical Site #60,1,United States,"New York, New York",1
Exelixis Clinical Site #61,1,United States,"Plantation, Florida",1
Exelixis Clinical Site #62,1,United States,"New Haven, Connecticut",1
Exelixis Clinical Site #63,1,France,"Saint-Herblain, France",1
Exelixis Clinical Site #64,1,France,"Nice, France",1
Exelixis Clinical Site #65,1,United States,"Detroit, Michigan",1
Exelixis Clinical Site #66,1,United States,"Charlottesville, Virginia",1
Exelixis Clinical Site #67,1,United States,"Phoenix, Arizona",1
Exelixis Clinical Site #68,1,United States,"Rochester, Minnesota",1
Exelixis Clinical Site #69,1,Israel,"Tel Aviv, Israel",1
Exelixis Clinical Site #7,1,United States,"Boston, Massachusetts",1
Exelixis Clinical Site #70,1,United States,"Tyler, Texas",1
Exelixis Clinical Site #71,1,Israel,"Petah Tikva, Israel",1
Exelixis Clinical Site #72,1,Israel,"Haifa, Israel",1
Exelixis Clinical Site #73,1,United States,"Irving, Texas",1
Exelixis Clinical Site #74,1,Italy,"Ravenna, Italy",1
Exelixis Clinical Site #75,1,France,"Strasbourg, France",1
Exelixis Clinical Site #76,1,United States,"Syracuse, New York",1
Exelixis Clinical Site #77,1,Spain,"Madrid, Spain",1
Exelixis Clinical Site #78,1,United States,"Jacksonville, Florida",1
Exelixis Clinical Site #79,1,France,"Caen, France",1
Exelixis Clinical Site #8,1,United States,"Tampa, Florida",1
Exelixis Clinical Site #80,1,France,"Rennes, France",1
Exelixis Clinical Site #81,1,Italy,"Milan, Italy",1
Exelixis Clinical Site #82,1,Germany,"Herne, Germany",1
Exelixis Clinical Site #83,1,France,"Paris, France",1
Exelixis Clinical Site #84,1,France,"Vandœuvre-lès-Nancy, France",1
Exelixis Clinical Site #85,1,France,"Besançon, France",1
Exelixis Clinical Site #86,1,Israel,"Beersheba, Israel",1
Exelixis Clinical Site #87,1,United States,"Littleton, Colorado",1
Exelixis Clinical Site #88,1,United States,"East Brunswick, New Jersey",1
Exelixis Clinical Site #89,1,United States,"Dallas, Texas",1
Exelixis Clinical Site #9,1,United States,"Myrtle Beach, South Carolina",1
Exelixis Clinical Site #90,1,Italy,"Florence, Italy",1
Exelixis Clinical Site #91,1,France,"Paris, France",1
Exelixis Clinical Site #92,1,France,"Marseille, France",1
Exelixis Clinical Site #93,1,Germany,"Jena, Germany",1
Exelixis Clinical Site #94,1,Austria,"Graz, Austria",1
Exelixis Clinical Site #95,1,Germany,"Tübingen, Germany",1
Exelixis Clinical Site #96,1,France,"Bordeaux, France",1
Exelixis Clinical Site #97,1,United Kingdom,"Middlesex, United Kingdom",1
Exelixis Clinical Site #98,1,United States,"Philadelphia, Pennsylvania",1
Exelixis Clinical Site #99,1,United Kingdom,"London, United Kingdom",1
Exigent Research,1,United States,"Tacoma, Washington",1
FAICIC S. de R.L. de C.V,1,Mexico,"Veracruz, Mexico",1
FHP Health Center,1,Guam,"Tamuning, Guam",1
FOMAT Medical Research,1,United States,"Oxnard, California",1
FUNFARME,1,Brazil,"São José do Rio Preto, São Paulo",1
FUTTURA Oncologia,1,Brazil,"Porto Alegre, Rio Grande do Sul",1
Fachkliniken Wangen,1,Germany,"Wangen, Baden-Wurttemberg",1
Faculty of Medicine Vajira Hospital,1,Thailand,"Bangkok, Thailand",1
Faith Regional Health Services Carson Cancer Center,1,United States,"Norfolk, Nebraska",1
Fakultna nemocnica Trnava,1,Slovakia,"Trnava, Trnava Region",1
Fakultna nemocnica s poliklinikou F.D. Roosevelta Banska Bystrica,1,Slovakia,"Banská Bystrica, Banská Bystrica Region",1
Fakultna nemocnica s poliklinikou F.D.Roosevelta Banska Bystrica,1,Slovakia,"Banská Bystrica, Banská Bystrica Region",1
Fakultni Nemocnice Motol a Homolka,1,Czechia,"Prague, Czechia",1
Fakultni nemocnice Brno,1,Czechia,"Brno, Czechia",1
Fakultni nemocnice Hradec Kralove,1,Czechia,"Hradec Králové, Hradec Králové",1
Fakultni nemocnice Motol a Homolka,1,Czechia,"Prague, Czechia",1
Fakultni nemocnice Olomouc FNOL,1,Czechia,"Olomouc, Czechia",1
Fakultni nemocnice v Motole,1,Czechia,"Prague, Czechia",1
Fakultní nemocnice Brno Bohunice Klinika nemocí plicních a tuberkulózy,1,Czechia,"Brno, Czechia",1
Far Eastern Memorial Hospital,1,Taiwan,"New Taipei City, Taiwan",1
Farmacia Ensayos Hospital HM Universitario Sanchinarro,1,Spain,"Madrid, Agrigento",1
Farmacia Ensayos clínicos,1,Spain,"Barcelona, Spain",1
Federal State Budgetary Institution National Medical Research Center for Oncology n.a. N.N,1,Russia,"Saint Petersburg, Russia",1
Federal State Budgetary Institution National Medical Research Center n.a. V.A. Almazov,1,Russia,"Saint Petersburg, Russia",1
Fejér Megyei Szent György Egyetemi Oktató Kórház,1,Hungary,"Székesfehérvár, Fejér",1
Fejér Vármegyei Szent György Egyetemi Oktató Kórház,1,Hungary,"Székesfehérvár, Hungary",1
Fiona Stanley Hospital,1,Australia,"Murdoch, Western Australia",1
First Affiliated Hospital,1,China,"Hangzhou, Zhejiang",1
First Affiliated Hospital of China Medical University,1,China,"Shenyang, Liaoning",1
First Affiliated Hospital of Chongqing Medical University,1,China,"Chongqing, Chongqing Municipality",1
First Affiliated Hospital of Guangzhou Medical University,1,China,"Guangzhou, China",1
First Affiliated Hospital of Nanchang University,1,China,"Nanchang, Jiangxi",1
First Affiliated Hospital of Shanxi Medical University,1,China,"Taiyuan, Shanxi",1
First Affiliated Hospital of Soochow University,1,China,"Suzhou, Jiangsu",1
First Dayton Cancer Care,1,United States,"Kettering, Ohio",1
First Teaching Hospital of Tianjin University of Traditional Chinese Medicine,1,China,"Tianjin, Tianjin Municipality",1
FirstHealth Moore Regional Hospital,1,United States,"Pinehurst, North Carolina",1
Fletcher Hospital,1,United States,"Hendersonville, North Carolina",1
Flinders Medical Center,1,Australia,"Bedford Park, South Australia",1
Florida Cancer Specalists,1,United States,"Sarasota, Florida",1
Fondazione IRCCS,1,Italy,"Milan, Italy",1
Fondazione IRCCS Cà Granda Ospedale Maggiore Policlinico,1,Italy,"Milan, Italy",1
Fondazione IRCCS Policlinico S. Matteo,1,Italy,"Pavia, Italy",1
Fondazione Ospedale Isola Tiberina,1,Italy,"Rome, Italy",1
Fondazione Policlinico Universitario Agostino Gemelli,1,Italy,"Roma, Italy",1
Fondazione del Piemonte per l'Oncologia,1,Italy,"Candiolo, Torino",1
Fondazione del Piemonte per l'Oncologia IRCC Candiolo,1,Italy,"Candiolo, Italy",1
Fondazione del Piemonte per l'Oncologia IRCCS Candiolo,1,Italy,"Candiolo, Italy",1
Forrest General Hospital,1,United States,"Hattiesburg, Mississippi",1
Fourth Hospital of Hebei Medical University,1,China,"Shijiazhuang, Hebei",1
Franciscan Health,1,United States,"Indianapolis, Indiana",1
Franciscan Health Munster,1,United States,"Munster, Indiana",1
Franciscan Saint Elizabeth Health,1,United States,"Lafayette, Indiana",1
Franziskus,1,Germany,"Georgsmarienhütte, Lower Saxony",1
Fred Hutchinson Cancer Center Alliance Peninsula,1,United States,"Poulsbo, Washington",1
Fred and Pamela Buffett Cancer Center,1,United States,"Kearney, Nebraska",1
Frederick Health Hospital,1,United States,"Frederick, Maryland",1
Fresno Cancer Center,1,United States,"Fresno, California",1
Froedtert & the Medical College of Wisconsin,1,United States,"Milwaukee, Wisconsin",1
Froedtert Hospital and the Medical College of Wisconsin,1,United States,"Milwaukee, Wisconsin",1
Fudan University,1,China,"Shanghai, Shanghai Municipality",1
Fudan university shanghai cancer center,1,China,"Shanghai, China",1
Fukushima Medical University,1,Japan,"Fukushima, Japan",1
Funabashi Municipal Medical Center,1,Japan,"Funabashi, Chiba",1
Fundacao Faculdade Regional de Medicina de Sao Jose Do Rio Preto,1,Brazil,"São José do Rio Preto, Brazil",1
Fundacao Faculdade Regional de Medicina de Sao Jose Do Rio Preto Hospital de Base,1,Brazil,"São José do Rio Preto, Brazil",1
Fundacion Ars Medica,1,Argentina,"San Salvador de Jujuy, Jujuy Province",1
Fundacion Arturo Lopez Perez FALP,1,Chile,"Providencia, Chile",1
Fundacion Ctic,1,Colombia,"Bogotá, Bogota D.C.",1
Fundacion Instituto Valenciano de Oncologia,1,Spain,"Valencia, Spain",1
Fundacion Intecnus,1,Argentina,"Bariloche, Río Negro Province",1
Fundacion Medica de Rio Negro y Neuquen,1,Argentina,"Cipolletti, Río Negro Province",1
Fundacion Valle del Lili,1,Colombia,"Cali, Valle del Cauca Department",1
Fundació Hospital Universitari Vall d'Hebron,1,Spain,"Barcelona, Spain",1
Fundación Arturo Lopéz Pérez,1,Chile,"Providencia, Santiago Metropolitan",1
Fundación CORI para la Investigación y Prevención del Cáncer,1,Argentina,"La Rioja, Argentina",1
Fundación Cardiovascular de Colombia,1,Colombia,"Floridablanca, Santander Department",1
Fundación Valle del Lili,1,Colombia,"Cali, Valle del Cauca Department",1
Fundación de Investigación Hm Hospitales,1,Spain,"Madrid, Spain",1
Fundação Doutor Amaral Carvalho,1,Brazil,"Jaú, Brazil",1
FutureMeds,1,Spain,"Madrid, Spain",1
FutureMeds Krakow,1,Poland,"Krakow, Poland",1
G. Papanikolaou General Hospital,1,Greece,"Thessaloniki, Greece",1
GENESIS General Clinic,1,Greece,"Thessaloniki, Greece",1
GHRMSA Hopital Emile Muller,1,France,"Mulhouse, France",1
GSK Investigational Site,1,United Kingdom,"London, United Kingdom",1
Gabrail Cancer Research Center,1,United States,"Canton, Ohio",1
Gangnam Severance Hospita,1,South Korea,"Seoul, South Korea",1
Gansu Provincial Cancer Hospital,1,China,"Lanzhou, Gansu",1
Gansu Provincial Hospital,1,China,"Lanzhou, Gansu",1
Gansu Provincial Maternity and Child,1,China,"Lanzhou, Gansu",1
Gazi Universitesi,1,Turkey (Türkiye),"Ankara, Turkey (Türkiye)",1
Gazi Universitesi Tip Fakultesi,1,Turkey (Türkiye),"Ankara, Turkey (Türkiye)",1
Gazi University Faculty of Medicine,1,Turkey (Türkiye),"Yenimahalle, Turkey (Türkiye)",1
Gazi University Medical Faculty,1,Turkey (Türkiye),"Ankara, Turkey (Türkiye)",1
Gaziantep City Hospital,1,Turkey (Türkiye),"Gaziantep, Turkey (Türkiye)",1
Gaziantep Sanko University Medical Faculty,1,Turkey (Türkiye),"Gaziantep, Turkey (Türkiye)",1
Gaziantep Universitesi Sahinbey Arastirma ve Uygulama Hastanesi,1,Turkey (Türkiye),"Gaziantep, Turkey (Türkiye)",1
Gefarma,1,Mexico,"Mexico City, DIF",1
Geisinger Cancer Services,1,United States,"Pottsville, Pennsylvania",1
Geisinger Medical Group,1,United States,"State College, Pennsylvania",1
Gemeinschaftspraxis für Hämatologie und Onkologie,1,Germany,"Langen, Hesse",1
General Hospital Papageorgiou,1,Greece,"Thessaloniki, Greece",1
General Hospital for Thoracic Diseases Sotiria,1,Greece,"Athens, Attica",1
"General Hospital of Athens ""Laiko""",1,Greece,"Athens, Attica",1
"General Hospital of Athens of Chest Diseases ""SOTIRIA""",1,Greece,"Athens, Greece",1
General Hospital of Chest Diseases of Athens SOTIRIA,1,Greece,"Athens, Attica",1
General Hospital of Ningxia Medical University,1,China,"Yinchuan, Ningxia",1
General Hospital of Thessaloniki Papageorgiou,1,Greece,"Thessaloniki, Macedoni",1
General Hospital of eastern theater command,1,China,"Nanjing, Jiangsu",1
General University Hospital Prague,1,Czechia,"Prague, Czechia",1
General University Hospital in Prague,1,Czechia,"Prague, Czechia",1
Genesis Cancer Care Center,1,United States,"Zanesville, Ohio",1
Genesis Care,1,Australia,"Campbelltown, New South Wales",1
Genesis Healthcare System,1,United States,"Zanesville, Ohio",1
GenesisCare Murdoch,1,Australia,"Murdoch, Western Australia",1
GenesisCare North Adelaide,1,Australia,"North Adelaide, South Australia",1
George E. Wahlen Department of Veterans Affairs Medical Center,1,United States,"Salt Lake City, Utah",1
Ghang xi Medical University Cancer Hospital,1,China,"Nanning, Guangxi",1
Ghent University Hospital,1,Belgium,"Ghent, Oost-Vlaanderen",1
Gleneagles Hospital Hong Kong,1,Hong Kong,"Wong Chuk Hang, Hong Kong",1
Gleneagles Hospital Penang,1,Malaysia,"Jalan Pangkor, Malaysia",1
Gold Coast University Hospital,1,Australia,"Southport, Queensland",1
Gosford Hospital,1,Australia,"Gosford, New South Wales",1
Goztepe Prof. Dr. Suleyman Yalcin Sehir Hastanesi,1,Turkey (Türkiye),"Istanbul, Turkey (Türkiye)",1
Grand Hopital de Charleroi,1,Belgium,"Charleroi, Hainaut",1
Grand River Regional Cancer Centre,1,Canada,"Kitchener, Ontario",1
Grande Ospedale Metropolitano Niguarda,1,Italy,"Milan, Italy",1
Great Plains Health Callahan Cancer Center,1,United States,"North Platte, Nebraska",1
Greco,1,United States,"Chattanooga, Tennessee",1
Greenslopes Private Hospital,1,Australia,"Greenslopes, Queensland",1
Groupe Hospitalier Paris Saint Joseph,1,France,"Paris, France",1
Groupe Hospitalier Pitie,1,France,"Paris, France",1
Groupe Sante CHC,1,Belgium,"Liège, Liege",1
Grupo Médico ASSET,1,Mexico,"Mexico City, Mexico",1
GuangDong Province Peoples Hospital,1,China,"Guangzhou, China",1
Guangdong Provincial People'S Hospital,1,China,"Guangzhou, Guangdong",1
Guangdong provincial people's hospital,1,China,"Guangzhou, Guangdong",1
Guangxi Medical University Affiliated Cancer Hospital,1,China,"Nanning, Guangxi",1
Guangxi Medical University Cancer Center,1,China,"Guangxi, Nanning",1
Guangxi Medical University Cancer Hospital & Guangxi Cancer Institude,1,China,"Nanning, Guangxi",1
Guangxi Medical University Cancer Hospital Wuxiang Branch,1,China,"Nanning, Guangxi",1
Guangxi Medical University Cancer hospital & Guangxi Cancer Institute,1,China,"Nanning, Guangxi",1
Guangxi Nanxishan Hospital,1,China,"Guilin, Guangxi",1
Guiyang Public Health Clinical Center,1,China,"Guiyang, China",1
Guizhou Provincial People's Hospital,1,China,"Guiyang, Guizhou",1
Gulhane Egitim ve Arastirma Hastanesi,1,Turkey (Türkiye),"Ankara, Antalya",1
Gustave Roussy Institute,1,France,"Villejuif, France",2
Guthrie Robert Packer Hospital,1,United States,"Sayre, Pennsylvania",1
Guy's Cancer Centre NHS Foundation Trust,1,United Kingdom,"London, United Kingdom",1
Guy's Hopsital,1,United Kingdom,"London, United Kingdom",1
Guys Hospital,1,United Kingdom,"London, London, City of",1
Gyor,1,Hungary,"Győr, Győr-Moson-Sopron",1
H. Lee Moffit Cancer center and research institute,1,United States,"Tampa, Florida",1
H.R.U Malaga,1,Spain,"Málaga, Malaga",1
H.U. Fundación Jiménez Díaz,1,Spain,"Madrid, Spain",1
HC Marbella,1,Spain,"Marbella, Malaga",1
HCA,1,United States,"Los Angeles, California",1
HCA Mercy Hospital,1,United States,"Miami, Florida",1
HELIOS Klinikum Erfurt,1,Germany,"Erfurt, Thuringia",1
HFR Freiburg,1,Switzerland,"Fribourg, Switzerland",1
HFR Hôpital Fribourgeois,1,Switzerland,"Fribourg, Switzerland",1
HIA Sainte Anne,1,France,"Toulon, Var",1
HOCH Health Ostschweiz,1,Switzerland,"Sankt Gallen, Switzerland",1
HOSPITAL CLÍNIC DE BARCELONA,1,Spain,"Barcelona, Catalonia",1
HOSPITAL REGIONAL UNIVERSITARIO de MALAGA AVDA,1,Spain,"Málaga, Spain",1
HOSPITAL UNIVERSITARIO VIRGEN DEL ROCIO,1,Spain,"Seville, Spain",1
HRH Princess Maha Chakri Sirindhorn Medical Center,1,Thailand,"Ongkharak, Thailand",1
HRH Princess MahaChakri Sirindhorn Medical Center,1,Thailand,"Nakhon Nayok, Thailand",1
HSHS St. Vincent Hospital Regional Cancer Center,1,United States,"Green Bay, Wisconsin",1
Hacettepe University,1,Turkey (Türkiye),"Ankara, Altındağ",1
Hacettepe University Medicine Faculty,1,Turkey (Türkiye),"Ankara, Turkey (Türkiye)",1
Hacettepe University Oncology Hospital,1,Turkey (Türkiye),"Ankara, Turkey (Türkiye)",1
Hadassah Medical,1,Russia,"Moscow, Russia",1
Haemato,1,Germany,"Hamburg, Germany",1
HagaZiekenhuis,1,Netherlands,"The Hague, South Holland",1
Hainan Provincial People's Hospital,1,China,"Haikou, Hainan",1
Halifax Health Cancer Center for Hope,1,United States,"Daytona Beach, Florida",1
Hamatologie,1,Germany,"Augsburg, Bavaria",1
Hamilton Health Sciences Centre,1,Canada,"Hamilton, Ontario",1
Hamilton Medical Center,1,United States,"Dalton, Georgia",1
Harbin Medical University Cancer Hospita,1,China,"Harbin, China",1
Harbour Cancer & Wellness,1,New Zealand,"Auckland, New Zealand",1
Hartford HealthCare,1,United States,"Avon, Connecticut",2
Hartford Healthcare,1,United States,"Hartford, Connecticut",1
Hasselt University,1,Belgium,"Hasselt, Limburg",1
Haukeland universitetssjukehus,1,Norway,"Lørenskog, Norway",1
Hayworth Cancer Center,1,United States,"High Point, North Carolina",1
Health Partners Cancer Center at Regions Hospital,1,United States,"Saint Paul, Minnesota",1
Health Partners Frauenshuh Cancer Center,1,United States,"Saint Louis Park, Minnesota",1
Health Pharma Professional Research S.A de C.V,1,Mexico,"Mexico City, Mexico",1
HealthPartners Cancer Center at regions Hospital,1,United States,"Saint Paul, Minnesota",1
HealthPartners Cancer Research Center,1,United States,"Saint Louis Park, Minnesota",2
HealthPartners Frauenshuh Cancer Center,1,United States,"Saint Louis Park, Minnesota",1
Heartlands Hospital,1,United Kingdom,"Birmingham, United Kingdom",1
Helios Klinikum Emil von Behring GmbH,1,Germany,"Berlin, Germany",1
Helios Klinikum Wuppertal,1,Germany,"Wuppertal, Germany",1
Helsinki University Hospital,1,Finland,"Helsinki, Uusimaa",1
Hemato Oncology Clinic,1,India,"Ahmedabad, Gujarat",1
Hematology Oncology Associates of CNY at Camillus,1,United States,"Camillus, New York",1
Hematology Oncology Associates of Central New York,1,United States,"Auburn, New York",2
Hematology Oncology Associates of Fredericksburg Inc,1,United States,"Fredericksburg, Virginia",1
Hematology Oncology Associates of the Treasure Coast,1,United States,"Port Saint Lucie, Florida",1
Hematology Oncology Consultants Limited,1,United States,"Darien, Illinois",1
Hematology Oncology Consultants PC,1,United States,"Royal Oak, Michigan",2
Henan Provincial Cancer Hospital,1,China,"Zhengzhou, Henan",1
Henan Provincial Oncology Hospital,1,China,"Zhengzhou, Henan",1
Henan Provincial People's Hospita,1,China,"Zhengzhou, Henan",1
Henan Provincial People's Hospital,1,China,"Zhengzhou, Henan",1
Henan cancer Hospital,1,China,"Zhengzhou, Hehan",1
Henri Mondor Hospital,1,France,"Créteil, Île-de-France Region",1
Henry Dunnant Hospital Center,1,Greece,"Athens, Attica",1
Henry Ford Health,1,United States,"Detroit, Michigan",1
Henry Ford Health System,1,United States,"Detroit, Michigan",1
Henry Ford Hematology Oncology,1,United States,"Clinton Township, Michigan",1
Herbert Irving Comprehensive Cancer Center,1,United States,"New York, New York",1
Het Nederlands Kanker Instituut,1,Netherlands,"Amsterdam, Netherlands",1
Hi,1,United States,"Havre, Montana",1
High Technology Hospital Medcenter,1,Georgia,"Batumi, Adjara",1
High Technology Hospital Medcenter LTD,1,Georgia,"Batumi, Georgia",1
High Technology Medical Center,1,Georgia,"Tbilisi, Georgia",1
Highland Hospital,1,United States,"Rochester, New York",1
Hightower Clinical,1,United States,"Oklahoma City, Oklahoma",1
Higiea Oncologia,1,Mexico,"Mexico City, Mexico City",1
Hillman Cancer Center,1,United States,"Pittsburgh, Pennsylvania",1
Hiroshima Prefectural Hospital,1,Japan,"Hiroshima, Japan",1
Ho Chi Minh City Oncology Hospital,1,Vietnam,"Ho Chi Minh City, Vietnam",1
Hoag Family Cancer Institute,1,United States,"Newport Beach, California",1
Hoag Hospital Newport Beach,1,United States,"Newport Beach, California",1
Hoag Memorial Hospital,1,United States,"Newport Beach, California",1
Holden Comprehensive Cancer Center,1,United States,"Iowa City, Iowa",1
Holy Family Memorial Hospital,1,United States,"Manitowoc, Wisconsin",1
Holy Name Hospital,1,United States,"Teaneck, New Jersey",1
Hong Kong Integrated Oncology Centre,1,China,"Hong Kong, China",1
Honor Health Research and Innovation Institute,1,United States,"Scottsdale, Arizona",1
Hope And Healing Cancer Services,1,United States,"Hinsdale, Illinois",1
Hope and Healing Clinical Research,1,United States,"Hinsdale, Illinois",2
Hopital Albert Calmette,1,France,"Lille, France",1
Hopital Arnaud de Villeneuve,1,France,"Montpellier, Herault",1
Hopital Beaujon,1,France,"Clichy, France",1
Hopital Bichat,1,France,"Paris, France",1
Hopital Claude Huriez,1,France,"Lille, France",1
Hopital Cochin,1,France,"Paris, France",1
Hopital De La Cavale Blanche,1,France,"Brest, France",1
Hopital Du Sacre,1,Canada,"Montreal, Quebec",1
Hopital Europeen,1,France,"Marseille, France",1
Hopital Europeen Marseille,1,France,"Marseille, Bouches-du-Rhone",1
Hopital Foch,1,France,"Suresnes, France",1
Hopital Lyon Sud,1,France,"Pierre-Bénite, France",1
Hopital Nord Marseille,1,France,"Marseille, France",1
Hopital Prive du Confluent,1,France,"Nantes, France",1
Hopital Saint Joseph,1,France,"Paris, France",1
Hopital Tenon,1,France,"Paris, France",1
Horizon Health Network,1,Canada,"Saint John, New Brunswick",1
Hosp Univ Vall D Hebron,1,Spain,"Barcelona, Spain",1
Hosp. Clinico Univ. de Santiago,1,Spain,"Santiago de Compostela, Spain",1
Hosp. Univ. Quiron Dexeus,1,Spain,"Barcelona, Spain",1
Hospital Alvaro Cunqueiro,1,Spain,"Vigo, Spain",1
Hospital Amaral Carvalho,1,Brazil,"São Paulo, Brazil",1
Hospital Araújo Jorge,1,Brazil,"Goiânia, Goiás",1
Hospital Arnau de Vilanova,1,Spain,"Valencia, València",1
Hospital Beata Maria Ana,1,Spain,"Madrid, Madrid",1
Hospital Beata María Ana,1,Spain,"Madrid, Spain",1
Hospital CUF,1,Portugal,"Lisbon, Portugal",1
Hospital CUF Descobertas,1,Portugal,"Lisbon, Portugal",1
Hospital Cayetano Heredia,1,Peru,"Lima, Peru",1
Hospital Clinico Universidad De Los Andes,1,Chile,"Santiago, Chile",1
Hospital Clinico Universidad de Chile,1,Chile,"Santiago, Chile",1
Hospital Clinico Universitario Virgen de la Victoria,1,Spain,"Málaga, Spain",1
Hospital Clinico de Valencia,1,Spain,"Valencia, Valenciana, Comunitat",1
Hospital Clínico San Cecilio de Granada,1,Spain,"Granada, Spain",1
Hospital Clínico Universitario Lozano Blesa,1,Spain,"Zaragoza, Spain",1
Hospital Da Bahia,1,Brazil,"Salvador, Brazil",1
Hospital Da Crianca Santo Antonio,1,Brazil,"Porto Alegre, Rio Grande do Sul",1
Hospital De Cancer De Pernambuco,1,Brazil,"Recife, Pernambuco",1
Hospital Dr. Josep Trueta,1,Spain,"Girona, Girona",1
Hospital Dr. Nélio Mendonça,1,Portugal,"Funchal, Madeira",1
Hospital Duran I Reynals,1,Spain,"Barcelona, Other",1
Hospital Erasto Gaertner,1,Brazil,"Curitiba, Paraná",1
Hospital Ernesto Dornelles,1,Brazil,"Porto Alegre, Brazil",1
Hospital General Universitario De Valencia,1,Spain,"Valencia, Spain",1
Hospital General Universitario Gregorio Marañón,1,Spain,"Madrid, Spain",1
Hospital General Universitario Morales Meseguer,1,Spain,"Murcia, Spain",1
Hospital General Universitario de Alicante Doctor Balmis,1,Spain,"Alicante, Spain",1
Hospital General de Alicante,1,Spain,"Alicante, Alicante",1
Hospital General de Elche,1,Spain,"Elche, Alicante",1
Hospital General de Valencia,1,Spain,"Valencia, Valencia",1
Hospital HM Nou Delfos,1,Spain,"Barcelona, Catalonia",2
Hospital HM Sanchinarro,1,Spain,"Madrid, Spain",1
Hospital Italiano de Cordoba,1,Argentina,"Córdoba, Argentina",1
Hospital Italiano de Córdoba,1,Argentina,"Córdoba, Córdoba Province",1
Hospital La Louviere Site Jolimont,1,Belgium,"La Louvière, Hainaut",1
Hospital La Princesa,1,Spain,"Madrid, Spain",1
Hospital Mario Penna,1,Brazil,"Belo Horizonte, Minas Gerais",1
Hospital Nacional Edgardo Rebagliati Martins,1,Peru,"Lima, Peru",1
Hospital Nord,1,France,"Marseille, France",1
Hospital Nossa Senhora Da Conceicao,1,Brazil,"Porto Alegre, Rio Grande do Sul",1
Hospital Nossa Senhora Da Conceição,1,Brazil,"Porto Alegre, Brazil",1
Hospital Nuestra Senora de Sonsoles,1,Spain,"Ávila, Spain",1
Hospital Of The University Of Occupational And Environmental Health,1,Japan,"Kitakyushu-shi, Fukuoka",1
Hospital Oncologico,1,Puerto Rico,"Rio Piedras, Puerto Rico",1
Hospital Oncologico Dr. Isaac Gonzalez,1,Puerto Rico,"Rio Piedras, Puerto Rico",1
Hospital Oncologico Dr. Isaac Gonzalez Martinez,1,Puerto Rico,"Rio Piedras, Puerto Rico",1
Hospital Pablo Tobon Uribe,1,Colombia,"Medellín, Antioquia",1
Hospital Parc Taulí,1,Spain,"Barcelona, Barcelona",1
Hospital Provincial de Castellon,1,Spain,"Castellion, Spain",1
Hospital Provincial del Centenario,1,Argentina,"Rosario, Santa Fe Province",1
Hospital Puerta de Hierro,1,Spain,"Madrid, Madrid",1
Hospital Quiron Malaga,1,Spain,"Málaga, Spain",1
Hospital Quironsalud Barcelona,1,Spain,"Barcelona, Spain",1
Hospital Quironsalud Madrid,1,Spain,"Pozuelo de Alarcón, Madrid",1
Hospital Ruber Internacional,1,Spain,"Madrid, Spain",1
Hospital Samaritano De Sao Paulo,1,Brazil,"São Paulo, Brazil",1
Hospital Santa Creu i Sant Pau,1,Spain,"Barcelona, Spain",1
Hospital Santa Rita de Cassia,1,Brazil,"Vitória, Espírito Santo",1
Hospital Santo Antonio,1,Brazil,"Blumenau, Santa Catarina",1
Hospital Sao Lucas Da Pontificia Universidade Catolica Do Rio Grande Do Sul,1,Brazil,"Porto Alegre, Brazil",1
Hospital Sirio Libanes,1,Brazil,"São Paulo, Brazil",1
Hospital Tacchini,1,Brazil,"Bento Gonçalves, Rio Grande do Sul",1
Hospital Umum Sarawak,1,Malaysia,"Kuching, Malaysia",1
Hospital Univ. De Jerez De La Frontera,1,Spain,"Jerez de la Frontera, Cadiz",1
Hospital Universitari Arnau de Vilanova,1,Spain,"Lleida, Spain",1
Hospital Universitari Sant Joan de Reus,1,Spain,"Reus, Tarragona",1
Hospital Universitari Vall D'Hebron,1,Spain,"Barcelona, Spain",1
Hospital Universitari Vall d Hebron,1,Spain,"Barcelona, Spain",1
Hospital Universitari Vall d'Hebrón,1,Spain,"Barcelona, Spain",1
Hospital Universitari de Girona Dr Josep Trueta,1,Spain,"Girona, Spain",1
Hospital Universitari de Girona Dr. Josep Trueta,1,Spain,"Girona, Spain",1
Hospital Universitari de Gran Canària Doctor Negrín,1,Spain,"Las Palmas de Gran Canaria, Las Palmas",1
Hospital Universitari de Lleida Arnau de Villanova,1,Spain,"Lleida, Spain",1
Hospital Universitari i Politècnic La Fe,1,Spain,"Valencia, Spain",1
Hospital Universitario 12 Octubre,1,Spain,"Madrid, Spain",1
Hospital Universitario Arnau de Vilanova,1,Spain,"Lleida, Spain",1
Hospital Universitario Central de Asturias,1,Spain,"Oviedo, Spain",1
Hospital Universitario Clinico San Carlos,1,Spain,"Madrid, Spain",1
Hospital Universitario Clinico San Cecilio,1,Spain,"Granada, Granada",1
Hospital Universitario Cruces,1,Spain,"Barakaldo, Spain",1
Hospital Universitario De Jerez,1,Spain,"Jerez de la Frontera, Spain",1
Hospital Universitario De Leon,1,Spain,"León, Spain",1
Hospital Universitario Dexeus,1,Spain,"Barcelona, Spain",1
Hospital Universitario Dr. Jose Eleuterio González,1,Mexico,"Monterrey, Mexico",1
Hospital Universitario Dr. Negrín,1,Spain,"Las Palmas de Gran Canaria, Las Palmas",1
Hospital Universitario Fundacion Alcorcon,1,Spain,"Alcorcón, Madrid",1
Hospital Universitario HM Madrid Sanchinarro,1,Spain,"Madrid, Spain",1
Hospital Universitario Jerez De La Frontera,1,Spain,"Jerez de la Frontera, Cádiz",1
Hospital Universitario Juan Ramon Jimenez,1,Spain,"Huelva, Spain",1
Hospital Universitario La Princesa,1,Spain,"Madrid, Spain",1
Hospital Universitario Miguel Servet,1,Spain,"Zaragoza, Spain",1
Hospital Universitario Miguel Servet de Zaragoza,1,Spain,"Zaragoza, Spain",1
Hospital Universitario Nuestra Senora De Valme,1,Spain,"Seville, Spain",1
Hospital Universitario Nuestra Senora de la Candelaria,1,Spain,"Santa Cruz de Tenerife, Spain",1
Hospital Universitario Nuestra Señora La Candelaria,1,Spain,"Santa Cruz de Tenerife, Santa Cruz de Tenerife",1
Hospital Universitario Nuestra Señora de Candelaria,1,Spain,"Santa Cruz de Tenerife, Spain",1
Hospital Universitario Puerta de Hierro de Majadahonda,1,Spain,"Majadahonda, Spain",1
Hospital Universitario Quirónsalud Madrid,1,Spain,"Madrid, Spain",1
Hospital Universitario Ramon Y Cajal,1,Spain,"Madrid, Spain",1
Hospital Universitario Ramón Y Cajal,1,Spain,"Madrid, Spain",1
Hospital Universitario Regional Málaga,1,Spain,"Málaga, Spain",1
Hospital Universitario Regional de Málaga,1,Spain,"Málaga, Málaga",1
Hospital Universitario Reina Sofía,1,Spain,"Córdoba, Spain",1
Hospital Universitario San Pedro,1,Spain,"Logroño, La Rioja",1
Hospital Universitario Severo Ochoa,1,Spain,"Leganés, Madrid",1
Hospital Universitario Son Espases,1,Spain,"Palma de Mallorca, Mallorca",1
Hospital Universitario Vall D'Hebron,1,Spain,"Barcelona, Spain",1
Hospital Universitario Vall dHebron,1,Spain,"Barcelona, Spain",1
Hospital Universitario de Canarias,1,Spain,"Santa Cruz de Tenerife, Spain",1
Hospital Universitario de Fuenlabrada,1,Spain,"Fuenlabrada, Madrid",1
Hospital Universitario de Jerez,1,Spain,"Jerez de la Frontera, Spain",1
Hospital Universitario de Jerez de La Frontera,1,Spain,"Jerez de la Frontera, Spain",1
Hospital Universitario de Jerez de la Frontera,1,Spain,"Jerez de la Frontera, Cadiz",1
Hospital Universitario de Toledo,1,Spain,"Toledo, Spain",1
Hospital Universitario de Torrejon,1,Spain,"Torrejón de Ardoz, Madrid",1
Hospital Universitario del Vinalopo,1,Spain,"Elche, Alicante",1
Hospital Universitário São Francisco na Providência de Deus,1,Brazil,"Bragança Paulista, São Paulo",1
Hospital Vall d'Hebron,1,Spain,"Barcelona, Spain",1
Hospital Virgen de la Victoria,1,Spain,"Málaga, Malaga",1
Hospital Wanita and Kanak Kanak Sabah,1,Malaysia,"Kota Kinabalu, Sabah",1
Hospital da Luz,1,Portugal,"Lisbon, Portugal",1
Hospital das Clinicas da Faculdade de Medicina de Ribeirao Preto USP,1,Brazil,"Ribeirão Preto, São Paulo",1
Hospital das Clínicas FMRP,1,Brazil,"Ribeirão Preto, Brazil",1
Hospital de Amor,1,Brazil,"Barretos, São Paulo",1
Hospital de Amor Amazônia,1,Brazil,"Porto Velho, Rondônia",1
Hospital de Amor de Barretos,1,Brazil,"Barretos, São Paulo",1
Hospital de Cancer de Barretos,1,Brazil,"Barretos, Brazil",1
Hospital de Caridade de Ijuí,1,Brazil,"Ijuí, Rio Grande do Sul",1
Hospital de Cascais,1,Portugal,"Alcabideche, Portugal",1
Hospital de Cruces,1,Spain,"Barakaldo, Bizkaia",1
Hospital de la Santa Creu I Sant Pau,1,Spain,"Barcelona, Spain",1
Hospital del Mar,1,Spain,"Barcelona, Spain",1
Hospital of Lithuanian University of Health Sciences Kauno klinikos,1,Lithuania,"Kaunas, Kaunas County",1
Houston Medical Imaging,1,United States,"Pearland, Texas",1
Houston Methodist Cypress Hospital,1,United States,"Cypress, Texas",1
Hualien Tzu Chi Hospital,1,Taiwan,"Hualien City, Taiwan",1
Hubei cancer hospital,1,China,"Wuhan, Hubei",1
Huizhou First Hospital,1,China,"Guangzhou, Guangdong",1
Hull University Teaching Hospitals NHS Trust,1,United Kingdom,"Cottingham, United Kingdom",1
Hulston Cancer Center,1,United States,"Springfield, Missouri",1
Humanitas,1,Italy,"Rozzano, Milano",1
Hunan Cancer Hospita,1,China,"Changsha, Hunan",1
Hunan Cancer Hospitial,1,China,"Changsha, Hunan",1
Hunan People's Provincial Hospital,1,China,"Changsha, Hunan",1
Hunan Provincal Tumor Hospital,1,China,"Changsha, Hunan",1
Hunan Province Cancer Hospital,1,China,"Changsha, Hunan",1
Hunan Province People's Hospital,1,China,"Changsha, Hunan",1
Hunan Provincial Oncology Hospital,1,China,"Changsha, Hunan",1
Hunna Cancer Hospital,1,China,"Changsha, Hunan",1
Hunter Holmes McGuire VA Medical Center,1,United States,"Richmond, Virginia",1
Hunter Holmes McGuire Veterans Administration Medical Center,1,United States,"Richmond, Virginia",1
Hygeia Hospital,1,Greece,"Marousi, Attikí",1
Hyogo Medical University Hospital,1,Japan,"Nishinomiya, Hyōgo",1
Hôpital Avicenne,1,France,"Bobigny, Île-de-France Region",1
Hôpital Charles Nicolle,1,France,"Rouen, France",1
Hôpital Emile Muller,1,France,"Mulhouse, Grand Est",1
Hôpital Européen Georges Pompidou,1,France,"Paris, France",1
Hôpital Fribourgeois,1,Switzerland,"Fribourg, Switzerland",1
Hôpital Haut,1,France,"Pessac, New Aquitaine",1
Hôpital Louis Pradel,1,France,"Bron, Auvergne-Rhône-Alpes",1
Hôpital Michallon,1,France,"La Tronche, Rhône",1
Hôpital Nord de Marseille,1,France,"Marseille, Provence-Alpes-Côte d'Azur Region",1
Hôpital Pontchaillou,1,France,"Rennes, Ille-et-Vilaine",1
Hôpital Saint André,1,France,"Bordeaux, France",1
Hôpital Saint Joseph,1,France,"Marseille, Bouches-du-Rhone",1
Hôpital d'Instruction des Armées Sainte,1,France,"Toulon, Alpes-de-Haute-Provence",1
Hôpital de la Croix Rousse,1,France,"Lyon, Auvergne-Rhône-Alpes",1
Hôpital du Valais,1,Switzerland,"Sion, Switzerland",1
Hôpital privé de la Loire,1,France,"Saint-Etienne, France",1
Hăpital Ambroise Pară,1,France,"Boulogne-Billancourt, France",1
Hăpital Foch,1,France,"Suresnes, France",1
Hăpital Privă Du Confluent,1,France,"Nantes, France",1
Hăpital de La Timone,1,France,"Marseille, France",1
I. U. Cerrahpasa Tip Fakultesi,1,Turkey (Türkiye),"Istanbul, Turkey (Türkiye)",1
"I.F.O. Istituti Fisioterapici Ospitalieri Istituto Nazionale Tumori ""Regina Elena""",1,Italy,"Roma, Roma (RM)",1
I.P. Pavlov First Saint Petersburg State Medical University,1,Russia,"Saint Petersburg, Russia",1
I.R.C.C.S Istituto Tumori Giovanni Paolo II,1,Italy,"Bari, Italy",1
ICANS,1,France,"Strasbourg, Bas-Rhin",1
ICIMED,1,Costa Rica,"San José, Costa Rica",1
ICL,1,France,"Vandœuvre-lès-Nancy, France",1
ICO Badalona H.U. Germans Trias i Pujol,1,Spain,"Badalona, Spain",1
ICO Girona,1,Spain,"Girona, Girona",1
ICO Hospitalet,1,Spain,"L'Hospitalet de Llobregat, Barcelona",1
ICO l'Hospitalet,1,Spain,"Barcelona, Spain",1
ICON Cancer Care,1,Australia,"Townsville, Australia",1
ICON Cancer Center,1,Australia,"South Brisbane, Queensland",1
ICON Cancer Centre Kurralta Park,1,Australia,"Kurralta Park, South Australia",1
ICON Cancer Centre Wesley,1,Australia,"Auchenflower, Queensland",1
IDIM,1,Argentina,"Ciudad de Buenos Aires, Buenos Aires",1
IEPE,1,Brazil,"Sorocaba, São Paulo",1
IMIP,1,Brazil,"Recife, Pernambuco",1
INTEGRIS Cancer Institute of Oklahoma,1,United States,"Oklahoma City, Oklahoma",1
IOB Institute of Oncology,1,Spain,"Barcelona, Spain",1
IOSI Ospedale Regionale di Bellinzona e Valli,1,Switzerland,"Bellinzona, Switzerland",1
IOV,1,Italy,"Padova, Italy",1
IOV Istituto Oncologico Veneto IRCCS,1,Italy,"Padova, Italy",1
IP Clinic,1,Poland,"Lodz, Łódź Voivodeship",1
IPO Porto FG,1,Portugal,"Porto, Portugal",1
IRCCS AOM Azienda Ospedaliera Metropolitana,1,Italy,"Genova, Italy",1
IRCCS AOU di Bologna Policlinico Sant Orsola Malpighi,1,Italy,"Bologna, Italy",1
IRCCS Istituti Fisioterapici Ospitalieri,1,Italy,"Rome, Roma",1
IRCCS Istituto Clinico Humanitas,1,Italy,"Rozzano, Italy",1
IRCCS Istituto Nazionale Tumori Regina Elena,1,Italy,"Roma, Italy",1
IRCCS Istituto Nazionale dei Tumori Regina Elena,1,Italy,"Roma, ROME",1
IRCCS Istituto Oncologico Veneto,1,Italy,"Padova, Italy",1
IRCCS Istituto Romagnolo per lo Studio Tumori,1,Italy,"Meldola, FC",1
IRCCS Istituto Romagnolo per lo studio dei Tumori Dino Amadori,1,Italy,"Meldola, Italy",1
IRCCS Istituto Tumori Giovanni Paolo II,1,Italy,"Bari, Italy",1
IRCCS Istituto di Candiolo,1,Italy,"Candiolo, Italy",1
ISCMPA,1,Brazil,"Porto Alegre, Rio Grande do Sul",1
IU Health North Hospital,1,United States,"Carmel, Indiana",1
IU Health West Hospital,1,United States,"Avon, Indiana",1
IU Simon Comprehensive Cancer Center,1,United States,"Indianapolis, Indiana",1
Ibaraki Prefectural Central Hospital,1,Japan,"Kasama-shi, Ibaraki",1
Icahn School of Medicine at Mt. Sinai,1,United States,"New York, New York",1
Iceg Clinic,1,Chile,"La Florida, Santiago Metropolitan",1
Icegclinic,1,Chile,"La Florida, Santiago Metropolitan",1
Icesp Instituto Do Cancer Do Estado de Sao Paulo Octavio Frias de Oliveira,1,Brazil,"São Paulo, Brazil",1
Icon Cancer Care,1,Australia,"Hyde Park, Australia",1
Icon Cancer Centre Chermside,1,Australia,"Chermside, Australia",1
Icon Cancer Centre Farrer Park,1,Singapore,"Singapore, Singapore",1
Icon Cancer Centre Mount Alvernia,1,Singapore,"Singapore, Singapore",1
Icon Cancer Centre Singapore,1,Singapore,"Singapore, Singapore",1
Icon Cancer Centre South Brisbane,1,Australia,"QLD, Australia",1
Icon Cancer Centre Townsville,1,Australia,"Hyde Park, Australia",1
Ictrials Pesquisa E Desenvolvimento,1,Brazil,"Curitiba, Paraná",1
Illinois CancerCare Galesburg,1,United States,"Galesburg, Illinois",1
Imat Oncomedica,1,Colombia,"Montería, Departamento de Córdoba",1
Indiana University Simon Comprehensive Cancer Center,1,United States,"Indianapolis, Indiana",1
Indraprastha Apollo Hospitals,1,India,"New Delhi, National Capital Territory of Delhi",1
Ingalls Family Care Center,1,United States,"Calumet City, Illinois",1
Inha University Hospital,1,South Korea,"Incheon, South Korea",1
Inonu Universitesi Turgut Ozal,1,Turkey (Türkiye),"Battalgazi/malatya, Turkey (Türkiye)",1
Inova Alexandria Hospital,1,United States,"Alexandria, Virginia",1
Inova Fair Oaks Hospital,1,United States,"Fairfax, Virginia",1
Inova Loudoun Hospital,1,United States,"Leesburg, Virginia",1
Inova Schar Cancer,1,United States,"Fairfax, Virginia",1
Inselspital,1,Switzerland,"Bern, Switzerland",1
Inspira Medical Center Mullica Hill,1,United States,"Mullica Hill, New Jersey",1
Institut CURIE,1,France,"Paris, France",1
Institut Catala D'Oncologia de Girona,1,Spain,"Girona, Spain",1
Institut Catala d'Oncologia Badalona,1,Spain,"Badalona, Spain",1
Institut Catalan d Oncologia,1,Spain,"Badalona, Barcelona [Barcelona]",1
Institut Català d´Oncología,1,Spain,"L'Hospitalet de Llobregat, Barecelona",1
Institut Cœur Poumon,1,France,"Lille, Nord",1
Institut De Cancerologie De L Ouest,1,France,"Saint-Herblain, Loire-Atlantique",1
Institut Gustave Roussy Department de Pharmacie Clinique,1,France,"Villejuif, France",1
Institut Jean Godinot,1,France,"Reims, France",1
Institut Kanser Negara,1,Malaysia,"Putrajaya, Putrajaya",1
Institut Regional du Cancer de Montpellier,1,France,"Montpellier, France",1
Institut Sainte Catherine,1,France,"Avignon, Vaucluse",1
Institut d'Investigació Biomèdica de Girona Dr. Josep Trueta,1,Spain,"Girona, Spain",1
Institut de Cancerologie de L'Ouest,1,France,"Saint-Herblain, France",1
Institut de Cancerologie de l'Ouest Paul Papin,1,France,"Angers, France",1
Institut de Cancerologie de l'Ouest Rene Gauducheau,1,France,"Saint-Herblain, Loire-Atlantique",1
Institut régional du Cancer de Montpellier,1,France,"Montpellier, Occitanie",1
Institute Cancer De Lorraine,1,France,"Vandœuvre-lès-Nancy, France",1
Institute For Pulmonary Diseases Of Vojvodina,1,Serbia,"Kamenitz, Sremski Okrug",1
Institute for Oncology and Radiology of Serbia,1,Serbia,"Belgrade, Beograd",1
Institute of Medical Sciences and Sum Hospital,1,India,"Bhubaneswar, Odisha",1
Institute of Neurosurgery,1,Italy,"Rome, Italy",1
Institute of Oncology,1,Moldova,"Chisinau, Moldova",1
Institute of The Shanghai Pulmonary Hospital,1,China,"Shanghai, China",1
Instituto Argentino de Diagnostico y Tratamiento,1,Argentina,"Buenos Aires, Argentina",1
Instituto Catalan de Oncologia,1,Spain,"Barcelona, Spain",1
Instituto D'Or de Pesquisa e Ensino,1,Brazil,"Rio de Janeiro, Brazil",5
Instituto Dor de Pesquisa e Ensino,1,Brazil,"Rio de Janeiro, Brazil",1
Instituto Dâor Pesquisa E Ensino,1,Brazil,"Rio de Janeiro, Brazil",1
Instituto Europeo di Oncologia,1,Italy,"Milan, Italy",1
Instituto Medico Especializado Alexander Fleming,1,Argentina,"Buenos Aires, Argentina",1
Instituto Medico de la Fundacion Estudios Clinicos,1,Argentina,"Rosario, Argentina",1
Instituto Médico de Alta Tecnología S.A.S,1,Colombia,"Montería, COR",1
Instituto Nacional de Cancer,1,Brazil,"Rio de Janeiro, Brazil",1
Instituto Nacional de Cancerología,1,Mexico,"Mexico City, Mexico City",1
Instituto Nacional del Cancer,1,Chile,"Santiago, Santiago Metropolitan",1
Instituto Oncologico de Cordoba,1,Argentina,"Córdoba, Argentina",1
Instituto Portugues de Oncologia do Porto Francisco Gentil,1,Portugal,"Porto, Portugal",1
Instituto de Ensino e Pesquisas Sao Lucas,1,Brazil,"São Paulo, Brazil",1
Instituto de Investigacion Oncologica Vall d'Hebron,1,Spain,"Barcelona, Spain",1
Instituto de Investigaciones Clinicas Cordoba S.A,1,Argentina,"Córdoba, Argentina",1
Instituto de Investigaciones Clinicas Mar del Plata,1,Argentina,"Mar del Plata, Buenos Aires",1
Instituto de Investigaciones Metabolicas,1,Argentina,"Buenos Aires, Argentina",1
Instituto de Oncologia de Rosario,1,Argentina,"Rosario, Argentina",1
Instituto de Oncología Angel H. Roffo,1,Argentina,"Buenos Aires, Argentina",1
Instituto de Oncología de Rosario,1,Argentina,"Rosario, Santa Fe Province",1
Instituto do Cancer Brasil,1,Brazil,"Taubaté, São Paulo",1
Instituto do Cancer do Estado de São Paulo ICESP,1,Brazil,"São Paulo, Brazil",1
Institutul Oncologic,1,Romania,"Cluj-Napoca, Romania",1
Institutul Oncologic Bucuresti Prof.Dr. Alex. Trestioreanu,1,Romania,"Bucharest, Bucharest",1
Institutul Oncologic Prof Dr Ion Chiricuta Cluj Napoca,1,Romania,"Cluj-Napoca, Cluj",2
Institutul Oncologic Prof. Dr. I Chiricuta,1,Romania,"Cluj-Napoca, Cluj",1
Institutul Oncologic Prof. Dr. Ion Chiricuta,1,Romania,"Cluj-Napoca, Cluj",1
Institutul Regional de Oncologie Lasi,1,Romania,"Lasi, Romania",1
Instytut MSF,1,Poland,"Lodz, Poland",1
Instytut MSF Sp. z o.o,1,Poland,"Lodz, Poland",1
Integrated Clinical Oncology Network Pty Ltd,1,Australia,"South Brisbane, Queensland",1
Interbalkan Hospital of Thessaloniki,1,Greece,"Thessaloniki, Greece",1
Interbalkan Medical Center Of Thessaloniki,1,Greece,"Thessaloniki, Greece",1
Intermountain Health,1,United States,"Grand Junction, Colorado",1
Intermountain Health Cancer Center Lutheran Hospital,1,United States,"Golden, Colorado",1
Intermountain Health Cancer Centers of Montana,1,United States,"Billings, Montana",1
Intermountain Health Lutheran Hospital,1,United States,"Wheat Ridge, Colorado",1
Intermountain Health St Vincent Regional Hospital,1,United States,"Billings, Montana",1
Intermountain Health St. Mary's Regional Hospital,1,United States,"Grand Junction, Colorado",1
Intermountain Health St. Vincent Regional Hospital,1,United States,"Billings, Montana",1
Investigaciones Clinicas Moleculares,1,Argentina,"Buenos Aires, Buenos Aires F.D.",1
Investigaciones Oncologicas C. Colon S.A,1,Argentina,"Mar del Plata, Buenos Aires",1
Investigaciones Oncológicas C. Colón S.A,1,Argentina,"Mar del Plata, Buenos Aires",1
Investigative Clinical Research of Indiana,1,United States,"Indianapolis, Indiana",1
Iov Istituto Oncologico Veneto Irccs,1,Italy,"Padova, Italy",1
Iowa City VA Healthcare System,1,United States,"Iowa City, Iowa",1
Ipswich Hospital,1,United Kingdom,"Ipswich, Suffolk",1
Irccs Humanitas Research Hospital,1,Italy,"Rozzano, Italy",1
Irccs Ismett,1,Italy,"Palermo, Italy",1
Irccs Istituto Nazionale Tumori Fondazione Pascale,1,Italy,"Naples, Italy",1
Irmandade Da Santa Casa de Misericordia de Porto Alegre,1,Brazil,"Porto Alegre, Brazil",1
Ironwood Cancer & Res Ctr,1,United States,"Chandler, Arizona",1
Ironwood Cancer & Research Centers,1,United States,"Mesa, Arizona",8
Ironwood Cancer and Research Center,1,United States,"Chandler, Arizona",1
Israel,1,Georgia,"Tbilisi, Georgia",1
Istanbul Universitesi Cerrahpasa,1,Turkey (Türkiye),"İstanbul - Fatih, Turkey (Türkiye)",1
Istanbul Universitesi Cerrahpasa Tip Fakultesi,1,Turkey (Türkiye),"Istanbul, Turkey (Türkiye)",1
Istanbul Universitesi Istanbul Tıp Fakultesi Hastanesi,1,Turkey (Türkiye),"Istanbul, İstanbul",1
Istinye University,1,Turkey (Türkiye),"Istanbul, İstanbul",1
Istinye University Bahcesehir Liv Hospital,1,Turkey (Türkiye),"Istanbul, Turkey (Türkiye)",1
Istituti di Ricovero e Cura A Carattere Scientifico,1,Italy,"Roma, Italy",1
Istituto Nazionale Per La Ricerca Sul Cancro Di Genova,1,Italy,"Genova, Italy",1
"Istituto Nazionale Tumori ""Regina Elena""",1,Italy,"Rome, Italy",1
Istituto Oncologico Veneto,1,Italy,"Padova, Italy",1
Istituto Romagnolo per lo Studio dei Tumori,1,Italy,"Meldola, Italy",1
"Istituto Romagnolo per lo Studio dei Tumori ""Dino Amadori""",1,Italy,"Meldola, Forlì-Cesena",1
Istituto Romagnolo per lo Studio dei Tumori Dino Amadori IRST,1,Italy,"Meldola, Forlì-Cesena",1
Istituto Scientifico Romagnolo per lo Studio e la Cura dei Tumori,1,Italy,"Meldola, Italy",1
Istituto di Candiolo,1,Italy,"Candiolo, Italy",1
Izmir Economy University Medical Point Hospital,1,Turkey (Türkiye),"Izmir, Turkey (Türkiye)",1
Izmir Ekonomi Universitesi Ozel Medicalpoint Hastanesi,1,Turkey (Türkiye),"Cordaleo, İzmir",1
JSC Vian,1,Georgia,"Kutaisi, Georgia",1
Jackson Oncology Associates,1,United States,"Jackson, Mississippi",2
Jacobi Medical Center,1,United States,"The Bronx, New York",1
James A. Haley Veterans Affairs Hospital,1,United States,"Tampa, Florida",1
James Cook University Hospital,1,United Kingdom,"Central Middlesbrough, Middlesbrough",1
James Graham Brown Cancer Center,1,United States,"Louisville, Kentucky",1
Japan Community Health Care Organization Chukyo Hospital,1,Japan,"Nagoya, Minami Ward",1
Japan Community Healthcare Organization Chukyo Hospital,1,Japan,"Nagoya, Japan",1
Jefferson Health Northeast,1,United States,"Philadelphia, Pennsylvania",1
Jeroen Bosch Hospital,1,Netherlands,"'s-Hertogenbosch, North Brabant",1
Jeroen Bosch Ziekenhuis,1,Netherlands,"'s-Hertogenbosch, Netherlands",1
Jesse Brown Veterans Affairs Medical Center,1,United States,"Chicago, Illinois",1
Jiamusi Tuberculosis Hospital,1,China,"Jiamusi, Heilongjiang",1
Jiangsu Cancer Hospital,1,China,"Nanjing, Jiangsu",1
Jiangsu Cancer Institute & Hospital,1,China,"Nanjing, Jiangsu",1
Jiangsu Peoples Hospital,1,China,"Nanjing, China",1
Jiangsu Province Hospital（The First Affiliated Hospital With Nanjing Medical University,1,China,"Nanjing, Jiangsu",1
Jiangsu Provincial Hospital of Chinese Medicine,1,China,"Nanjing, Jiangsu",1
Jiangsu province hospital,1,China,"Nanjing, Jiangsu",1
Jianguo Sun,1,China,"Chongqing, China",1
Jiangxi Provincial Cancer Hospital,1,China,"Nanchang, Jiangxi",1
Jiangxi Provincial People's Hopital,1,China,"Nanchang, Jiangxi",1
Jiangxi Provincial People's Hospital,1,China,"Nanchang, Jiangxi",1
Jiangxi maternal and child health hospital,1,China,"Nanchang, Jiangxi",1
Jiangyin People's Hospital,1,China,"Wuxi, Jiangsu",1
Jilin cancer hospital,1,China,"Jilin City, Jilin",1
Jingzhou First People's Hospital,1,China,"Jingzhou, Hubei",1
Jining First People's Hospital,1,China,"Jining, Shandong",1
Joe Arrington Cancer Research,1,United States,"Lubbock, Texas",1
Johannes Apotheke Gröbenzell,1,Germany,"Gröbenzell, Bavaria",1
John Flynn Private Hospital,1,Australia,"Tugun, Australia",1
John Hopkins Medical Center,1,United States,"Baltimore, Maryland",1
John Muir Clinical Research Center,1,United States,"Concord, California",1
Jun Feng Liu,1,China,"Shijiazhuang, Hebei",1
Jupiter Medical Center,1,United States,"Jupiter, Florida",1
Juravinski Cancer Centre,1,Canada,"Hamilton, Ontario",1
Jürgen Hetzel,1,Switzerland,"Basel, Switzerland",1
K Hospital,1,Vietnam,"Hà Nội, Vietnam",1
KLES Dr. Prabhakar Kore Hospital & M.R.C,1,India,"Belagavi, Karnataka",1
KOMED Roman Karaszewski I Wspolnicy Spolka Jawna,1,Poland,"Krakow, Poland",1
KSW Kantonsspital Winterthur,1,Switzerland,"Winterthur, Switzerland",1
Kailash Cancer Hospital & Research Centre,1,India,"Vadodara, Gujarat",1
Kaiser Foundation Research Institute,1,United States,"San Francisco, California",1
Kaiser Permanente Interstate Medical Office Central,1,United States,"Portland, Oregon",1
Kaiser Permanente Sacramento Medical Center,1,United States,"Sacramento, California",1
Kaitai Liu,1,China,"Ningbo, Zhejiang",1
Kangbuk Samsung Hospital,1,South Korea,"Seoul, Seoul Teugbyeolsi",1
Kansas City Cancer Center,1,United States,"Overland Park, Kansas",1
Kantonspital Baden,1,Switzerland,"Baden, Switzerland",1
Kantonsspital,1,Switzerland,"Sankt Gallen, Switzerland",1
Kantonsspital Aarau,1,Switzerland,"Aarau, Switzerland",1
Kantonsspital Baselland,1,Switzerland,"Bruderholz, Switzerland",1
Kantonsspital Graubunden,1,Switzerland,"Chur, Switzerland",1
Kantonsspital Olten,1,Switzerland,"Olten, Switzerland",1
Kantonsspital St.Gallen,1,Switzerland,"Sankt Gallen, Switzerland",1
Kaohsiung Medical University Hospital,1,Taiwan,"Kaohsiung City, R.o.c.",1
Kaohsiung Veterans General Hospital,1,Taiwan,"Kaohsiung City, Zuoying District",1
Kapi'olani Medical Center for Women and Children,1,United States,"Honolulu, Hawaii",1
Karadeniz Technical University,1,Turkey (Türkiye),"Trabzon, Turkey (Türkiye)",1
Karadeniz Technical University Faculty of Medicine,1,Turkey (Türkiye),"Ortahisar, Turkey (Türkiye)",1
Karl Landsteiner Institut fur Lungenforschung und pneumologische Onkologie c,1,Austria,"Vienna, Austria",1
Karolinska Universitetssjukhuset Solna,1,Sweden,"Stockholm, Stockholm County",1
Karolinska University Hospital Solna,1,Sweden,"Solna, Stockholm County",1
Katholisches Klinikum Koblenz,1,Germany,"Koblenz, Rhineland-Palatinate",1
Keck Hospital of USC,1,United States,"Los Angeles, California",1
Keck Medical Center of USC Pasadena,1,United States,"Pasadena, California",1
Keijinkai Teine Keijinkai Hospital,1,Japan,"Sapporo, Japan",1
Keio University Hospital,1,Japan,"Shinjuku-ku, Tokyo",1
Kellogg Cancer Center,1,United States,"Evanston, Illinois",1
Kelsey,1,United States,"Houston, Texas",1
Kelsey Seybold Clnic,1,United States,"Houston, Texas",1
Kent and Canterbury Hospital,1,United Kingdom,"Canterbury, Kent",1
Kepler Universitaetsklinikum,1,Austria,"Linz, Upper Austria",1
Kepler Universitätsklinikum,1,Austria,"Linz, Austria",1
Kettering Health Main Campus,1,United States,"Kettering, Ohio",1
Kiang Wu Hospital,1,China,"Macao, China",1
King Abdulaziz Medical City,1,Saudi Arabia,"Riyadh, Saudi Arabia",1
King's Daughter's Medical Center,1,United States,"Ashland, Kentucky",1
Kinghorn Cancer Centre,1,Australia,"Darlinghurst, New South Wales",1
Kirovohrad Regional Oncology Center,1,Ukraine,"Kropyvnytskyi, Kirovohrad Oblast",1
Kivu Trial Site,1,Australia,"Santa Monica, California",6
Klinik Loewenstein gGmbH,1,Germany,"Löwenstein, Germany",1
Klinik Löwenstein,1,Germany,"Löwenstein, Germany",1
Klinik Penzing,1,Austria,"Vienna, State of Vienna",1
Kliniken Maria Hilf GmbH,1,Germany,"Mönchengladbach, Germany",1
Klinikum Bogenhausen,1,Germany,"München, Bavaria",1
Klinikum Chemnitz,1,Germany,"Chemnitz, Saxony",1
Klinikum Klagenfurt am Wörthersee,1,Austria,"Klagenfurt, Carinthia",1
Klinikum Köln,1,Germany,"Cologne, North Rhine-Westphalia",1
Klinikum Nürnberg Nord,1,Germany,"Nuremberg, Bavaria",1
Klinikum Nürnberg Nord Paracelsus Med. Privat Universität Pneumologie und Lungentumorzentrum,1,Germany,"Nuremberg, Germany",1
Klinikum Stuttgart,1,Germany,"Stuttgart, Germany",1
Klinikum Traunstein,1,Germany,"Traunstein, Bavaria",1
Klinički Bolnički Centar Split,1,Croatia,"Split, Split-Dalmatia County",1
Klinički bolnički centar Osijek,1,Croatia,"Osijek, Croatia",1
Koc Universitesi Hastanesi,1,Turkey (Türkiye),"Zeytinburnu, Turkey (Türkiye)",1
Kocaeli Universitesi Tip Fakultesi,1,Turkey (Türkiye),"Kocaeli, Turkey (Türkiye)",1
Kochi Medical School Hospital,1,Japan,"Nankoku, Kochi",1
Komarom,1,Hungary,"Tatabánya, Hungary",1
Komárom,1,Hungary,"Tatabánya, Hungary",1
Krajska nemocnice Liberec,1,Czechia,"Liberec1, Czechia",1
Krakowski Szpital Specjalistyczny im. Jana Pawla II,1,Poland,"Krakow, Lesser Poland Voivodeship",1
Krankenhaus Barmherzige Brüder Regensburg,1,Germany,"Regensburg, Bavaria",1
Krankenhaus Bethanien,1,Germany,"Solingen, North Rhine-Westphalia",1
Kumamoto University Hospital,1,Japan,"Kumamoto, Kumamoto",1
Kyoto Prefectural University of Medicine,1,Japan,"Kyoto, Japan",1
Kyung Hee University Hospital,1,South Korea,"Seoul, South Korea",1
Kyung Hee University Medical Center,1,South Korea,"Seoul, South Korea",1
L HOPITAL NORD OUEST,1,France,"Villefranche-sur-Saône, Rhone",1
LC Investigacion,1,Argentina,"Buenos Aires, Argentina",1
"LLC ""Neyro",1,Russia,"Moscow, Russia",1
LLC Todua Clinic,1,Georgia,"Tbilisi, Georgia",1
LMU,1,Germany,"München, Germany",1
LMU München,1,Germany,"München, Germany",1
LTD High Technology Hospital Medcenter,1,Georgia,"Batumi, Georgia",1
LTD Tbilisi State Medical University and Ingorokva High Medical Technology University Clinic,1,Georgia,"Tbilisi, Georgia",1
La Roche Sur Yon,1,France,"La Roche-sur-Yon, France",1
Labor Berlin,1,Germany,"Berlin, Germany",1
"Laboratorio de Patología Clínica del Hospital Universitario ""Dr. José Eleuterio González""",1,Mexico,"Monterrey, Nuevo León",1
Lampang Cancer Hospital,1,Thailand,"Lampang, Thailand",1
Lancaster Radiation Therapy Center,1,United States,"Lancaster, South Carolina",1
Landeskrankenhaus Rankweil,1,Austria,"Rankweil, Austria",1
Landeskrankenhaus Salzburg,1,Austria,"Salzburg, Austria",1
Lanzhou University Second Hospital,1,China,"Lanzhou, Gansu",1
Latrobe Regional Health,1,Australia,"Traralgon, Victoria",1
Laura & Isaac Perlmutter Cancer Center at NYC Langone Health,1,United States,"New York, New York",1
Laura and Isaac Perlmutter Cancer Center,1,United States,"New York, New York",1
Le Mans,1,France,"Le Mans, France",1
Leiden University Medical Center,1,Netherlands,"Leiden, South Holland",1
Levine Cancer Institute,1,United States,"Charlotte, North Carolina",4
Lewis Cancer and Research Pavilion,1,United States,"Savannah, Georgia",1
Lewistown Hospital,1,United States,"Lewistown, Pennsylvania",1
Liaoning Tumor Hospital & Institute,1,China,"Shenyang, Liaoning",1
Liaoning cancer hospital & Institute,1,China,"Shenyang, Liaoning",1
Liaoning cancer hospital &institute,1,China,"Shenyang, Liaoning",1
Liga Norte,1,Brazil,"Natal, Brazil",1
Liga Norte Riograndense Contra O Cancer,1,Brazil,"Natal, Rio Grande do Norte",1
Liga Norte Riograndense Contra o Cancer,1,Brazil,"Natal, Rio Grande do Norte",1
Linear Clinical Research Ltd,1,Australia,"Nedlands, Western Australia",1
Linyi Tumor Hospital,1,China,"Liaocheng, Shandong",1
Lions Gate Hospital,1,Canada,"Vancouver, British Columbia",1
Lishui Central Hospital,1,China,"Lishui, Zhejiang",1
Lishui People's Hospital,1,China,"Lishui, Zhejiang",1
Liuzhou People's Hospital,1,China,"Liuzhou, Guangxi",1
Liuzhou People's hospital,1,China,"Liuzhou, Guangxi",1
Logan Health Research,1,United States,"Kalispell, Montana",1
Logan Regional Hospital,1,United States,"Logan, Utah",1
Lombardi Comprehensive Cancer Center,1,United States,"Washington D.C., District of Columbia",1
London Health Sciences Centre,1,Canada,"London, Ontario",1
London Regional Cancer Program of the Lawson Health Research Institute,1,Canada,"London, Ontario",1
Lothian Health Board,1,United Kingdom,"Edinburgh, United Kingdom",1
Louis Stokes Cleveland VA Medical Center,1,United States,"Cleveland, Ohio",1
Louis Stokes VA Medical Center,1,United States,"Cleveland, Ohio",1
Louisiana State University Health Sciences Shreveport,1,United States,"Shreveport, Louisiana",1
Lowcountry Hematology Oncology PA,1,United States,"Charleston, South Carolina",1
Lowcountry Oncology Associates,1,United States,"Charleston, South Carolina",2
Lowell General Hospital,1,United States,"Lowell, Massachusetts",1
Loyola Center for Health at Burr Ridge,1,United States,"Burr Ridge, Illinois",1
Loyola Medicine Homer Glen,1,United States,"Homer Glen, Illinois",1
Luminis Health Radiation Oncology,1,United States,"Annapolis, Missouri",1
Lung Center of the Philippines,1,Philippines,"Quezon City, National Capital Region",1
LungenClinic Grosshansdorf GmBH,1,Germany,"Großhansdorf, Germany",1
Lutheran Medical Center,1,United States,"Wheat Ridge, Colorado",1
Luzerner Kantonsspital,1,Switzerland,"Lucerne, Switzerland",1
Lviv Oncology Regional Treatment and Diagnostic Center,1,Ukraine,"Lviv, Lviv Oblast",1
Lynn Cancer Institute Center,1,United States,"Boca Raton, Florida",1
Lyon Sud Hospital Center,1,France,"Pierre-Bénite, France",1
M Health Fairview Cancer Clinic,1,United States,"Edina, Minnesota",1
M Health Fairview St. John's Hospital,1,United States,"Maplewood, Minnesota",1
M. D. Anderson Cancer Center,1,United States,"Houston, Texas",1
M.D. Anderson Cancer Center,1,United States,"Houston, Texas",1
ME Volyn Regional Clinical Hospital of the Volyn Regional Council,1,Ukraine,"Lutsk, Volyn Oblast",1
MEDI,1,Guatemala,"Guatemala City, Guatemala",1
MEMORIAL HEALTHCARE INTERNATIONAL S.R.L,1,Romania,"Bucharest, Bucharest",1
MNT Healthcare Europe SRL,1,Romania,"Bucharest, Romania",1
MRUK,1,Poland,"Rzeszów, Podkarpackie Voivodeship",1
MSK Basking Ridge,1,United States,"Basking Ridge, New Jersey",1
MSK Bergen,1,United States,"Montvale, New Jersey",1
MSK Commack,1,United States,"Commack, New York",1
MSK David H. Koch Center for Cancer Care,1,United States,"New York, New York",1
MSK Nassau,1,United States,"Uniondale, New York",1
MSK Westchester,1,United States,"Harrison, New York",1
MVZ II der Niels Stensen Kliniken; Franziskus Hospital Harderberg,1,Germany,"Georgsmarienhütte, Germany",1
MVZ Onkologie Velbert,1,Germany,"Velbert, Germany",1
MVZ for oncology and hematology Rhein,1,Germany,"Neuss, Germany",1
Maastricht Universitair Medisch Centrum,1,Netherlands,"Maastricht, Limburg",1
Maastricht University Medical Center +,1,Netherlands,"Maastricht, Limburg",1
MacKay Memorial Hospital,1,Taiwan,"Taipei, Taiwan",1
Macquarie Clinical Trials Unit,1,Australia,"Sydney, New South Wales",1
Macquarie University Hospital,1,Australia,"North Ryde, New South Wales",1
Maidstone Hospital,1,United Kingdom,"Maidstone, United Kingdom",1
Maidstone and Tunbridge Wells NHS Trust,1,United Kingdom,"Maidstone, United Kingdom",1
Maine Medical Center,1,United States,"Portland, Maine",1
MaineHealth Cancer Care,1,United States,"Scarborough, Maine",1
MaineHealth Cancer Care and Blood Disorders Scarborough,1,United States,"Scarborough, Maine",1
MaineHealth Coastal Cancer Treatment Center,1,United States,"Bath, Maine",1
Malteser Krankenhaus St. Franziskus,1,Germany,"Flensburg, Schleswig-Holstein",1
Marengo CIMS Hospital,1,India,"Ahmedabad, Gujarat",1
Marien Hospital Düsseldorf,1,Germany,"Düsseldorf, Germany",1
Marienhaus Klinikum Mainz,1,Germany,"Mainz, Rhineland-Palatinate",1
Marienhospital Stuttgart,1,Germany,"Stuttgart, Baden-Wurttemberg",1
Marjorie Weinberg Cancer Center at Loyola,1,United States,"Melrose Park, Illinois",1
Marmara Universitesi Pendik Egitim ve Arastirma Hastanesi,1,Turkey (Türkiye),"Istanbul, Turkey (Türkiye)",1
Marmara University Pendik Training Hospital,1,Turkey (Türkiye),"Istanbul, Turkey (Türkiye)",1
Marseille,1,France,"Marseille, France",1
Marshall Cancer Center,1,United States,"Cameron Park, California",1
Martini Ziekenhuis,1,Netherlands,"Groningen, Netherlands",1
Mary Lanning Healthcare,1,United States,"Hastings, Nebraska",1
Maryland Oncology Hematology P.A,1,United States,"Germantown, Maryland",1
Maryland Oncology Hematology PA,1,United States,"Rockville, Maryland",1
Maryland Proton Treatment Center,1,United States,"Baltimore, Maryland",1
Mater,1,Australia,"South Brisbane, Australia",1
Mater Cancer Care Centre,1,Australia,"South Brisbane, Queensland",1
Mater Hospital Brisbane,1,Australia,"South Brisbane, Queensland",1
Mater Misericordiae Limited,1,Australia,"South Brisbane, Queensland",1
Mater Private Hospital,1,Ireland,"Dublin, Ireland",1
Matrai Gyogyintezet,1,Hungary,"Gyöngyös, Hungary",1
Matthews Radiation Oncology Center,1,United States,"Matthews, North Carolina",1
Mazumdar Shaw Medical Center,1,India,"Bangalore, India",1
Mbal Uni Hospital,1,Bulgaria,"Panagyurishte, Pazardzhik",1
McLaren,1,United States,"Port Huron, Michigan",1
Meaux,1,France,"Meaux, France",1
MedPolonia,1,Poland,"Poznan, Poland",1
MedStar Washington Hospital Center,1,United States,"Washington D.C., District of Columbia",1
"Medical Center ""MedOffice Group""",1,Ukraine,"Kiev, Kyivska Oblast",1
"Medical Center ""Universal Clinic ""Oberig"" of Limited Liability Company ""Kapytal""",1,Ukraine,"Kyiv, Ukraine",1
Medical Park Florya Hospital,1,Turkey (Türkiye),"Küçükçekmece, Turkey (Türkiye)",1
Medical Park Seyhan Hastanesi,1,Turkey (Türkiye),"Adana, Turkey (Türkiye)",1
Medical Point Izmir Hospital,1,Turkey (Türkiye),"Izmir, Turkey (Türkiye)",1
Medicalpark Ordu Hospital,1,Turkey (Türkiye),"Ordu, Turkey (Türkiye)",1
Medipol University Medical Faculty,1,Turkey (Türkiye),"Istanbul, Turkey (Türkiye)",1
Medisch Centrum Leeuwarden,1,Netherlands,"Friesland, Netherlands",1
Medizinische Hochschule Hannover,1,Germany,"Hanover, Lower Saxony",1
Medizinische Universitaet Wien,1,Austria,"Vienna, State of Vienna",1
Meenakshi Mission Hospital and Research Centre,1,India,"Madurai, Tamil Nadu",1
Meir medical center,1,Israel,"Kfar Saba, Israel",1
Meizhou People's Hospital,1,China,"Meizhou, Guangdong",1
Meizhou People's Hospital（Huangtang Hospital）Meizhou Academy of Medical Sciences,1,China,"Meizhou, Guangdong",1
Memorial Ankara Hospital,1,Turkey (Türkiye),"Ankara, Turkey (Türkiye)",1
Memorial Antalya Hastanesi,1,Turkey (Türkiye),"Antalya, Turkey (Türkiye)",1
Memorial Cancer Institute,1,United States,"Hollywood, Florida",1
Memorial Cancer Institute at Memorial Hospital West,1,United States,"Pembroke Pines, Florida",1
Memorial Care,1,United States,"Fountain Valley, California",1
Memorial Care Long Beach Medical Center,1,United States,"Long Beach, California",1
Memorial Care Orange Coast Medical Center Attn,1,United States,"Fountain Valley, California",1
Memorial Care Saddleback Medical Center Attn,1,United States,"Laguna Hills, California",1
Memorial Healthcare International S R L,1,Romania,"Bucharest, Romania",1
Memorial Healthcare System,1,United States,"Hollywood, Florida",1
Memorial Hermann,1,United States,"Houston, Texas",1
Memorial Hermann Cancer Center,1,United States,"Houston, Texas",1
Memorial Hermann Texas Medical Center,1,United States,"Houston, Texas",1
Memorial Hospital of Laramie County,1,United States,"Cheyenne, Wyoming",1
MemorialCare,1,United States,"Fountain Valley, California",1
MemorialCare Orange Coast Medical Center,1,United States,"Fountain Valley, California",1
Mengchao Hepatobiliary Hospital of Fujian Medical University,1,China,"Fuzhou, Fujian",1
Mercy Health Sylvania Radiation Oncology Center,1,United States,"Toledo, Ohio",1
Mercy Oncology Center,1,United States,"Redding, California",1
Mercy Regional Cancer Center,1,United States,"Redding, California",1
Mercy Research,1,United States,"St Louis, Missouri",1
Mercy South,1,United States,"St Louis, Missouri",1
Mercyhealth Cancer Institute,1,United States,"Rockford, Illinois",1
Mersin City Education and Research Hospital,1,Turkey (Türkiye),"Mersin, Turkey (Türkiye)",1
Mersin City Training and Research Hospital,1,Turkey (Türkiye),"Toroslar, Turkey (Türkiye)",1
Methodist Hospital Inpatient Pharmacy,1,United States,"Saint Louis Park, Minnesota",1
Methodist Richardson Cancer Center,1,United States,"Richardson, Texas",1
Metro Davao Medical and Research Center,1,Philippines,"Davao City, Davao Del Sur",1
Metro Minnesota Community Oncology Research Consortium,1,United States,"Saint Louis Park, Minnesota",1
Metz,1,France,"Metz, France",1
Miami VA Healthcare System,1,United States,"Miami, Florida",1
Michigan Healthcare Professionals Clarkston,1,United States,"Clarkston, Michigan",1
Michigan Healthcare Professionals Farmington,1,United States,"Farmington Hills, Michigan",1
Michigan Healthcare Professionals Macomb,1,United States,"Macomb, Michigan",1
Michigan Healthcare Professionals Madison Heights,1,United States,"Madison Heights, Michigan",1
Michigan Healthcare Professionals Troy,1,United States,"Troy, Michigan",1
Michigan Hematology & Oncology Consultants,1,United States,"Dearborn, Michigan",2
Michigan Institute of Urology,1,United States,"Troy, Michigan",1
Mid,1,United States,"Orange City, Florida",1
Mid Florida Cancer Centers,1,United States,"Orange City, Florida",1
Mid Florida Hematology And Oncology Center,1,United States,"Orange City, Florida",1
Mid Florida Hematology and oncology Center,1,United States,"Orange City, Florida",1
MidAmerica Cancer Care,1,United States,"Kansas City, Missouri",1
Military Medical Academy,1,Serbia,"Belgrade, Beograd",1
Millennium Physicians,1,United States,"Houston, Texas",1
Millennium Research & Clinical Development,1,United States,"Houston, Texas",1
Millennium Research and Clinical Development,1,United States,"Houston, Texas",1
Milton Keynes Hospital,1,United Kingdom,"Milton Keynes, Buckinghamshire",1
Minneapolis VA Health Care System,1,United States,"Minneapolis, Minnesota",1
Mission Hospital,1,United States,"Asheville, North Carolina",1
Mohtaseb Cancer Center & Blood Disorders,1,United States,"Bullhead City, Arizona",1
Monash Health,1,Australia,"Melbourne, Victoria",1
Monash Medical Centre,1,Australia,"Clayton, Victoria",1
Monash Medical Centre Clayton,1,Australia,"Clayton, Australia",1
Monash University,1,Australia,"Melbourne, Australia",1
Montefiore Einstein Comprehensive Cancer Center,1,United States,"The Bronx, New York",1
Montefiore Medical Park,1,United States,"The Bronx, New York",1
"Moscow GBUZ ""City clinical hospital n. a. S.P. Botkina"" of Moscow health department",1,Russia,"Moscow, Russia",1
Mount Carmel New Albany Surgical Hospital,1,United States,"New Albany, Ohio",1
MultiCare Institute for Research & Innovation,1,United States,"Tacoma, Washington",1
MultiCare Regional Cancer Center,1,United States,"Auburn, Washington",3
Multiprofile Hospital for Active Treatment Serdika EOOD,1,Bulgaria,"Sofia, Sofia (stolitsa)",1
Multiprofile Hospital for Active Treatment SerdikaМЕD EOOD,1,Bulgaria,"Sofia, Sofia (stolitsa)",1
Multiscan,1,Czechia,"Pardubice, Pardubice Region",1
Multiscan s.r.o,1,Czechia,"Pardubice, Czechia",1
"Municipal Enterprise ""Bukovinian сlinical oncology сenter""",1,Ukraine,"Chernivtsi, Chernivetska Oblast",1
Municipal Hospital Ploiesti,1,Romania,"Ploieşti, Romania",1
MyMichigan Medical Center Mount Pleasant,1,United States,"Mount Pleasant, Michigan",1
Mälarsjukhuset,1,Sweden,"Eskilstuna, Södermanlands LÄN [se-04]",1
München Klinik Bogenhausen,1,Germany,"München, Bavaria",1
NAIC,1,Brazil,"Bauru, São Paulo",1
NCCS Singapore,1,Singapore,"Singapore, Singapore",1
NEXT,1,United States,"Dallas, Texas",3
NEXT San Antonio,1,United States,"San Antonio, Texas",1
NEXT Texas LLC,1,United States,"Austin, Texas",4
NHO Kinki,1,Japan,"Sakaishi, Japan",1
NHO Okayama Medical Center,1,Japan,"Okayama, Japan",1
NHO Revive Research Institute LLC,1,United States,"Lincoln, Nebraska",1
NHO Shikoku Cancer Center,1,Japan,"Matsuyama, Japan",1
NHO Support Center,1,United States,"Lincoln, Nebraska",1
NHS Grampian,1,United Kingdom,"Aberdeen, Scotland",1
NRG Oncology,1,United States,"Philadelphia, Pennsylvania",1
NRS South,1,United Kingdom,"Edinburgh, Midlothian",1
NTT Medical Center Tokyo,1,Japan,"Shinagawa-ku, Tokyo",1
NZOZ Medpolonia Sp. Z o.o,1,Poland,"Poznan, Poland",1
NZOZ Provita Prolife Centrum Medyczne,1,Poland,"Tomaszów Mazowiecki, Łódź Voivodeship",1
Nagaoka Red Cross Hospital,1,Japan,"Nagaoka-shi, Niigata",1
Namık Kemal University Medical Faculty,1,Turkey (Türkiye),"Tekirdağ, Tekirdas",1
Nanchang City,1,China,"Nanchang, Jiangxi",1
Nanfang Hospital Southern Medical University,1,China,"Guangzhou, China",1
Nanjing Chest Hospital,1,China,"Nanjing, Jiangsu",1
Nanjing Drum Tower Hospital JiangBei International Branch Hospital,1,China,"Nanjing, Jiangsu",1
Nanjing Gulou Hospital,1,China,"Nanjing, Jiangsu",1
Nantes,1,France,"Nantes, France",1
Nanyang City Center Hospital,1,China,"Nanyang, Henan",1
Nanyang second general hospital,1,China,"Nanyang, Henan",1
Narayana Superspeciality Hospital,1,India,"Howrah, India",1
Narayana Superspecialty Hospital,1,India,"Howrah, West Bengal",1
Narodny onkologicky ustav,1,Slovakia,"Bratislava, Slovakia",1
Narodowy Instytut Onkologii,1,Poland,"Gliwice, Silesian Voivodeship",1
Natera,1,United States,"San Carlos, California",1
National Cancer Center Suwon,1,South Korea,"Suwon, Gyeonggi-do",1
National Cancer Center of Singapore,1,Singapore,"Singapore, Singapore",1
National Hospital Organization Iwakuni Clinical Center,1,Japan,"Iwakuni, Japan",1
National Hospital Organization Kanazawa Medical Center,1,Japan,"Kanazawa, Ishikawa-ken",1
National Hospital Organization Kinki,1,Japan,"Sakai, Osaka",1
National Hospital Organization Kure Medical Center and Chugoku Cancer Center,1,Japan,"Kure, Hiroshima",1
National Hospital Organization Mie Chuo Medical Center,1,Japan,"Tsu, Mie-ken",1
National Institutes of Health Clinical Center,1,United States,"Bethesda, Maryland",1
National Jewish Health,1,United States,"Denver, Colorado",3
National Jewish Health Medical Center,1,United States,"Denver, Colorado",1
National Lung Hospital,1,Vietnam,"Hanoi, Hanoi",1
National Taiwan University Hospital Yunlin Branch,1,Taiwan,"Huwei, YUNLIN",1
National and Kapodistrian University of Athens,1,Greece,"Athens, Greece",1
Nationale Centrum für Tumorerkrankungen,1,Germany,"Heidelberg, Baden-Wurttemberg",1
Nci,1,India,"Jhajjar, Haryana",1
Nebraska Hematology Oncology,1,United States,"Lincoln, Nebraska",1
Nebraska Hematology and Oncology,1,United States,"Lincoln, Nebraska",1
Necmettin Erbakan Universitesi Meram Tip Fakultesi,1,Turkey (Türkiye),"Konya, Turkey (Türkiye)",1
Necmettin Erbakan University,1,Turkey (Türkiye),"Konya, Turkey (Türkiye)",1
Necmettin Erbakan University Meram Medical Faculty,1,Turkey (Türkiye),"Konya, Turkey (Türkiye)",1
Nemocnica AGEL Komarno,1,Slovakia,"Komárno, Nitra Region",1
Nemocnica BORY a. s,1,Slovakia,"Bratislava, Bratislava Region",1
Nemocnica s poliklinikou Stefana Kukuru Michalovce,1,Slovakia,"Michalovce, Slovakia",1
Nemocnice AGEL Novy Jicin,1,Czechia,"Nový Jičín, Czechia",1
Nemocnice AGEL Nový Jičín a.s,1,Czechia,"Nový Jičín, Czechia",1
Nemocnice Agel Ostrava,1,Czechia,"Ostrava, Czechia",1
Netaji Subhas Chandra Bose Cancer Hospital,1,India,"Kolkata, West Bengal",1
Neuro,1,Italy,"Rome, Italy",1
Neurosurgery Unit,1,Italy,"Messina, Italy",1
New Cross Hospital,1,United Kingdom,"Wolverhampton, United Kingdom",1
New Experimental Therapeutics of San Antonio LLC,1,United States,"San Antonio, Texas",1
New York,1,United States,"Brooklyn, New York",1
New York Cancer And Blood Specialists,1,United States,"Shirley, New York",1
New York Oncology Hematology P.C,1,United States,"Albany, New York",1
New Zealand Clinical Research,1,New Zealand,"Christchurch, Canterbury",1
Newcastle University,1,United Kingdom,"Newcastle upon Tyne, United Kingdom",1
Next Virginia,1,United States,"Fairfax, Virginia",1
Nice,1,France,"Nice, France",1
Niigata Prefectural Cancer Center Niigata Hospital,1,Japan,"Niigata, Niigata",1
Niigata University Medical & Dental Hospital,1,Japan,"Niigata, Japan",1
Niigata University Medical and Dental Hospital,1,Japan,"Niigata, Niigata",1
Nirmal Hospital Private Limited,1,India,"Surat, India",1
Nirmal Hospital Pvt Ltd,1,India,"Surat, Gujarat",1
North Las Vegas VA Medical Center,1,United States,"Las Vegas, Nevada",1
North Memorial Health Cancer Center,1,United States,"Robbinsdale, Minnesota",1
North Shore Hematology Oncology Associate P.C. DBA New York Cancer and Blood Specialists,1,United States,"Shirley, New York",1
North Shore Hematology Oncology Associates P.C. DBA New York Cancer and Blood Specialists,1,United States,"Babylon, New York",9
Northeast Radiation Oncology Center,1,United States,"Dunmore, Pennsylvania",1
Northern Beaches Hospital,1,Australia,"Frenchs Forest, New South Wales",1
Northern Centre for Cancer Care,1,United Kingdom,"Newcastle upon Tyne, United Kingdom",1
Northern Ireland Cancer Centre,1,United Kingdom,"Belfast, Antrim",1
Northern Jiangsu Peoples Hospital,1,China,"Yangzhou, China",1
Northwell Health Cancer Institute at Huntington,1,United States,"Greenlawn, New York",1
Northwest Cancer Specialists,1,United States,"Happy Valley, Oregon",4
Northwest Medical Specialities,1,United States,"Tacoma, Washington",1
Northwest Medical Specialities. PLLC,1,United States,"Bonney Lake, Washington",2
Northwest Medical Specialities.PLLC,1,United States,"Federal Way, Washington",1
Northwest Medical Specialties PPLC,1,United States,"Tacoma, Washington",1
Northwest Oncology & Hematology,1,United States,"Barrington, Illinois",1
Norton Audubon Hospital,1,United States,"Louisville, Kentucky",1
Norton Brownsboro Hospital,1,United States,"Louisville, Kentucky",1
Norton Brownsboro Hospital and Medical Campus,1,United States,"Louisville, Kentucky",1
Norton Cancer Institute Downtown,1,United States,"Louisville, Kentucky",1
Nottingham City Hospital Campus,1,United Kingdom,"Nottingham, United Kingdom",1
Nottingham University Hospitals City Campus,1,United Kingdom,"Nottingham, United Kingdom",1
Nouvel Hopital Civil,1,France,"Strasbourg, France",1
Novant Cancer Institute Radiation Oncology,1,United States,"Supply, North Carolina",1
Novant Health Breast Surgery,1,United States,"Greensboro, North Carolina",1
Novant Health Cancer Institute Radiation Oncology,1,United States,"Wilmington, North Carolina",1
Novant Health New Hanover Regional Medical Center,1,United States,"Wilmington, North Carolina",1
Novant Health Presbyterian Medical Center Huntersville,1,United States,"Huntersville, North Carolina",1
Noyes Memorial Hospital,1,United States,"Dansville, New York",1
Nucleo de Oncologia da Bahia,1,Brazil,"Salvador, Estado de Bahia",1
Nuovo Ospedale di Prato Santo Stefano,1,Italy,"Prato, Italy",1
Nyack Hospital,1,United States,"Nyack, New York",1
Næstved Sygehus,1,Denmark,"Næstved, Region Sjælland",1
Núcleo de Pesquisa Clínica da Rede São Camilo,1,Brazil,"São Paulo, Brazil",1
O'Quinn Medical Tower at McNair Campus,1,United States,"Houston, Texas",1
O.P.D. Hospital Civil de Guadalajara,1,Mexico,"Guadalajara, Jalisco",1
OC Blood and Cancer Care,1,United States,"Fountain Valley, California",1
OC Oncoclínicas SP,1,Brazil,"São Paulo, São Paulo",1
ONE Onc: New York Oncology Hematology,1,United States,"Albany, New York",1
OPN Healthcare,1,United States,"Glendale, California",1
OPN Healthcare INC,1,United States,"Glendale, California",2
OSF Health Care,1,United States,"Peoria, Illinois",1
OSI Ezkerraldea,1,Spain,"Barakaldo, Basque Country",1
OSU Brain and Spine Hospital,1,United States,"Columbus, Ohio",1
OU Health Stephenson Cancer Center,1,United States,"Oklahoma City, Oklahoma",1
Oakland Colon Rectal Associates,1,United States,"Royal Oak, Michigan",1
Oakland Medical Group,1,United States,"Royal Oak, Michigan",1
Obras Sociais Irmã Dulce,1,Brazil,"Salvador, Brazil",1
Ocala Oncology,1,United States,"Ocala, Florida",1
Ocala Oncology Florida Cancer Affiliates,1,United States,"Ocala, Florida",1
Ochsner Clinic Foundation,1,United States,"New Orleans, Louisiana",1
Ochsner Hematology Oncology North Shore,1,United States,"Covington, Louisiana",2
Odense University Hospital,1,Denmark,"Odense, Region Syddanmark",1
Odette Cancer Centre,1,Canada,"Toronto, Ontario",1
Oklahoma Cancer Specialists and Research Institute,1,United States,"Tulsa, Oklahoma",1
Old Parkland Hospital Hematology Oncology Clinic,1,United States,"Dallas, Texas",1
Olympic Medical Center,1,United States,"Port Angeles, Washington",1
Omaha VA Nebraska,1,United States,"Omaha, Nebraska",1
Onco,1,Brazil,"Brasília, Federal District",1
Onco Clinic Consult SA,1,Romania,"Craiova, Romania",1
Oncocenter,1,Romania,"Timișoara, Timiș County",1
Oncocentro Apys,1,Chile,"Viña del Mar, Valparaiso",1
Oncocentro Valdivia,1,Chile,"Valdivia, Los Ríos Region",1
Oncocentro de Minas Gerais,1,Brazil,"Belo Horizonte, Minas Gerais",1
Oncoclínica Oncologistas Associados,1,Brazil,"Teresina, Piauí",1
Oncoclínicas Rio de Janeiro,1,Brazil,"Rio de Janeiro, Brazil",1
Oncohelp Medical Center,1,Romania,"Timișoara, Timiș County",1
Oncologia Integral Satelite S. A. de C. V,1,Mexico,"Naucalpan, Mexico",1
Oncologie,1,France,"Dijon, France",2
Oncologie Institut Curie,1,France,"Paris, France",1
Oncologie Polyclinique Bordeaux Nord Aquitaine,1,France,"Bordeaux, France",1
Oncologie thoracique Hôpital Nord,1,France,"Marseille, France",1
Oncology & Hematology,1,United States,"Low Moor, Virginia",1
Oncology & Hematology Associates of Southwest Virginia Inc dba Blue Ridge Cancer Care,1,United States,"Salem, Virginia",1
Oncology Associates of Oregon,1,United States,"Eugene, Oregon",1
Oncology Center of The South Incorporated,1,United States,"Houma, Louisiana",1
Oncology Consulatants,1,United States,"Houston, Texas",1
Oncology Consultants Research,1,United States,"Houston, Texas",1
Oncology Consultants Texas Medical Center,1,United States,"Houston, Texas",1
Oncology Hematology Care,1,United States,"Cincinnati, Ohio",1
Oncology Hematology Care Clinical Trials,1,United States,"Cincinnati, Ohio",4
Oncology Hematology West PC,1,United States,"Omaha, Nebraska",1
Oncology Institute for Hope and Innovation,1,United States,"Los Angeles, California",1
Oncology Physicians Network,1,United States,"Glendale, California",3
Oncology and Hematology of South Texas,1,United States,"Laredo, Texas",1
Oncomed,1,Romania,"Timișoara, Romania",1
Oncopole,1,France,"Toulouse, France",1
Oncosite,1,Brazil,"Ijuí, Rio Grande do Sul",1
Oncovida,1,Chile,"Santiago, Chile",1
Oncura Health,1,United States,"Anaheim, California",6
Ondokuz Mayis Universitesi,1,Turkey (Türkiye),"Samsun, Turkey (Türkiye)",1
Ondokuz Mayis University Health Practice and Research Hospital,1,Turkey (Türkiye),"Samsun, Turkey (Türkiye)",1
Ondokuz Mayıs Universitesi,1,Turkey (Türkiye),"Samsun, Turkey (Türkiye)",1
One Day Med,1,Poland,"Szczecin, Poland",1
Onkologiezentrum Thun,1,Switzerland,"Thun, Switzerland",1
Onkologische Tagesklinik Remscheid,1,Germany,"Remscheid, Germany",1
Onvida Health Yuma Medical Center,1,United States,"Yuma, Arizona",1
Ophthalmic Consultants of Boston Inc,1,United States,"Boston, Massachusetts",1
Optum Hematology Oncology,1,United States,"New Hyde Park, New York",1
Opća bolnica Dubrovnik,1,Croatia,"Dubrovnik, Dubrovnik-Neretva County",1
Orange Coast Memorial Medical Center,1,United States,"Fountain Valley, California",1
Orange Coast Memorial Medical Center Fountain Valley,1,United States,"Fountain Valley, California",1
Orange Hospital,1,Australia,"Orange, New South Wales",1
Orchard Healthcare Research Inc,1,United States,"Skokie, Illinois",1
Ordensklinikum Linz Elisabethinen,1,Austria,"Linz, Upper Austria",1
Ordos Central Hospital,1,China,"Neimeng, Neimeng",1
Orlando Health Ambulatory Care Center,1,United States,"Orlando, Florida",1
Orlando Health Orlando Regional Medical Center,1,United States,"Orlando, Florida",1
Orléans,1,France,"Orléans, France",1
Orszagos Onkologiai Intezet,1,Hungary,"Budapest, Hungary",1
Országos Onkológiai Intézet,1,Hungary,"Budapest, Hungary",1
Osaka Habikino Medical Center,1,Japan,"Habikino-shi, Osaka",1
Osaka Medical And Pharmaceutical University Hospital,1,Japan,"Takatsuki, Osaka",1
Osaka University Hospital,1,Japan,"Suita, Osaka",1
Oslo Universitetssykehus HF,1,Norway,"Oslo, Norway",1
Oslo universitetssykehus HF. Radiumhospitalet,1,Norway,"Oslo, Norway",1
Ospedale Busonera,1,Italy,"Padova, Italy",1
Ospedale Isola Tiberina Gemelli,1,Italy,"Rome, Italy",1
Ospedale Isola Tiberina Gemelli Isola,1,Italy,"Roma, ROME",1
Ospedale P. Pederzoli,1,Italy,"Legnago, Verona",1
Ospedale San Giuseppe Moscati,1,Italy,"Statte, Taranto",1
Ospedale San Luca,1,Italy,"Lucca, Italy",1
Ospedale San Martino,1,Italy,"Genova, Italy",1
Ospedale Santa Croce,1,Italy,"Fano, Italy",1
Ospedale Vito Fazzi Lecce,1,Italy,"Lecce, Italy",1
Ospedale centrale di Bolzano,1,Italy,"Bolzano, Italy",1
Ospedale di Circolo e Fondazione Macchi Varese,1,Italy,"Varese, Italy",1
Ottawa Hospital and Cancer Center,1,Canada,"Ottawa, Ontario",1
Our Lady of The Lake,1,United States,"Baton Rouge, Louisiana",1
Our Lady of the Lake RMC,1,United States,"Baton Rouge, Louisiana",1
Overton Brooks Veteran's Administration Medical Center,1,United States,"Shreveport, Louisiana",1
Ovidius Clinical Hospital,1,Romania,"Ovidiu, Romania",1
Owensboro Medical Health System,1,United States,"Owensboro, Kentucky",1
Oxford University Hospitals NHS Foundation Trust,1,United Kingdom,"Oxford, United Kingdom",1
Oxford University Hospitals NHS Foundation Trust Churchill Hospital,1,United Kingdom,"Oxford, United Kingdom",1
"P.O. ""S. Maria della Misericordia"" Azienda Sanitaria Universitaria Friuli Centrale",1,Italy,"Udine, Friuli Venezia Giulia",1
POKO Poprad s.r.o,1,Slovakia,"Poprad, Slovakia",1
PRISMA Health,1,United States,"Greenville, South Carolina",1
Pacific Cancer Care,1,United States,"Monterey, California",1
Pacific Cancer Medical Center INC,1,United States,"Anaheim, California",1
Pamela Youde Nethersole Eastern Hospital,1,Hong Kong,"Chai Wan, Hong Kong",1
Pamukkale Universitesi,1,Turkey (Türkiye),"Denizli, Turkey (Türkiye)",1
Pamukkale University Medical Faculty,1,Turkey (Türkiye),"Denizli, Turkey (Türkiye)",1
Paris,1,France,"Paris, France",1
Park Nicollet Frauenshuh Cancer Center,1,United States,"Saint Louis Park, Minnesota",1
Parkview Comprehensive Cancer Center,1,United States,"Fort Wayne, Indiana",1
Parkview Packnett Family Cancer Institute,1,United States,"Fort Wayne, Indiana",1
Parkview Research Center at Parkview Regional Medical Center,1,United States,"Fort Wayne, Indiana",1
Parkway Surgery Center,1,United States,"Myrtle Beach, South Carolina",1
Pecsi Tudomanyegyetem Klinikai Kozpont,1,Hungary,"Pécs, Baranya",1
Peking Union Medical College Hospital East,1,China,"Beijing, Beijing Municipality",1
Peking University Cancer Hospital,1,China,"Neimeng, Neimeng",1
Peking University Cancer Hospital & Institute,1,China,"Beijing, China",1
Peninsula & South Eastern Hematology and Oncology Group,1,Australia,"Frankston, Victoria",1
Peninsula Cancer Institute,1,United States,"Gloucester, Virginia",4
Peninsula University Hospital,1,Australia,"Frankston, Victoria",1
Peninsula and Southeast Oncology,1,Australia,"Frankston, Victoria",1
Penn State Health Saint Joseph Medical Center,1,United States,"Reading, Pennsylvania",1
Penn State Milton S. Hershey Medical Center,1,United States,"Hershey, Pennsylvania",1
People's Hospital of Guizhou Province,1,China,"Guiyang, Guizhou",1
People's Hospital of Henan Province,1,China,"Zhengzhou, Henan",1
Perugia Hospital,1,Italy,"Perugia, Italy",1
Petz Aladár Megyei Oktató Kórház,1,Hungary,"Győr, Győr-Moson-Sopron",1
Pharmacy: Royal Marsden Hospital,1,United Kingdom,"Sutton, Surrey",1
Phelps Memorial Hospital Center,1,United States,"Sleepy Hollow, New York",1
Phoebe Putney Memorial Hospital,1,United States,"Albany, Georgia",1
Physicians Clinic of Iowa,1,United States,"Cedar Rapids, Iowa",1
Piedmont Atlanta Hospital,1,United States,"Atlanta, Georgia",1
Piedmont Cancer Institute OneOncology,1,United States,"Atlanta, Georgia",1
Piedmont Healthcare,1,United States,"Atlanta, Georgia",1
Piedmont Hospital,1,United States,"Atlanta, Georgia",1
Pioneer Research Center,1,United States,"Bullhead City, Arizona",1
Pitie Salpetriere University Hospital,1,France,"Paris, France",1
Pius,1,Germany,"Oldenburg, Germany",1
Pius Hospital,1,Germany,"Oldenburg, Germany",1
Pius Hospital Oldenburg Medizinischer Campus Universität Oldenburg,1,Germany,"Oldenburg, Germany",1
Pneumologie,1,France,"Grenoble, France",3
Pneumologie CH,1,France,"Le Mans, France",1
Pneumologie CHI Cornouaille,1,France,"Quimper, France",1
Pneumologie Centre Hospitalier,1,France,"Pau, France",1
Pneumologie Centre Hospitalier Intercommunal de Créteil,1,France,"Créteil, France",1
Policlinico San Matteo,1,Italy,"Pavia, Italy",1
Poliklinika MEDICO,1,Croatia,"Rijeka, Primorje-Gorski Kotar County",1
Pontificia Universidad Catolica de Chile,1,Chile,"Santiago, Region M. de Santiago",1
Port Macquarie,1,Australia,"Port Macquarie, New South Wales",1
Port Macquarie Base Hospital,1,Australia,"Port Macquarie, New South Wales",1
Pratia ES Hospital Universitario de Torrejon,1,Spain,"Madrid, Spain",1
Praxis Onkologie am Raschplatz,1,Germany,"Hanover, Lower Saxony",1
Praxiskooperation Bonn,1,Germany,"Wesseling, Germany",1
Precision Medicine in Breast Cancer Unit,1,Italy,"Rome, Italy",1
Premier Hematology Oncology Care,1,United States,"Sterling Heights, Michigan",1
Premiere Oncology Foundation,1,United States,"Santa Monica, California",1
Presidio Ospedaliero Di Livorno,1,Italy,"Livorno, Italy",1
Presidio Ospedaliero di Lucca,1,Italy,"San Filippo, Lucca",1
Private Enterprise Private Manufacturing Company Acinus,1,Ukraine,"Kropyvnytskyi, Kirovohrad Oblast",1
"Private Medical Institution ""Euromedservice""",1,Russia,"Pushkin, Sankt-Peterburg",1
ProMedica Toledo Hospital,1,United States,"Toledo, Ohio",1
Profar,1,Chile,"Providencia, Santiago Metropolitan",1
Profound Research LLC,1,United States,"Dearborn, Michigan",1
Promotora Médica Las Américas S.A,1,Colombia,"Medellín, Antioquia",1
Providence,1,United States,"Fullerton, California",1
Providence Cancer Center Oncology and Hematology Care,1,United States,"Portland, Oregon",1
Providence Medical Group,1,United States,"Santa Rosa, California",1
Providence Oncology & Hematology Care Clinic,1,United States,"West Haven-Sylvan, Oregon",1
Providence Oncology and Hematology Care Clinic,1,United States,"Portland, Oregon",1
Providence Santa Rosa Memorial Hospital,1,United States,"Santa Rosa, California",1
Providence St. Joseph Hospital,1,United States,"Orange, California",1
Providence St. Jude Medical Center Virginia K Crosson and Infusion Center,1,United States,"Fullerton, California",1
Providence St. Jude Medical Center Virginia K. Crosson Cancer Center and Infusion Center,1,United States,"Fullerton, California",1
Providence Veterans Administration Hospital,1,United States,"Providence, Rhode Island",1
Provita Centrum Medyczne Spółka Z Ograniczoną Odpowiedzialnością,1,Poland,"Tomaszów Mazowiecki, Poland",1
Provita Prolife,1,Poland,"Tomaszów Mazowiecki, Poland",1
Przychodnia Lekarska KOMED Roman Karaszewski,1,Poland,"Konin, Greater Poland Voivodeship",1
Pécsi Tudományegyetem Klinikai Központ,1,Hungary,"Pécs, Baranya",1
QEII Health Sciences Centre,1,Canada,"Halifax, Nova Scotia",1
Qianfoshan Hospital,1,China,"Jinan, Shandong",1
Qingdao Municipal Hospital,1,China,"Qingdao, Shandong",1
Queen Elizabeth Hospital Birmingham,1,United Kingdom,"Birmingham, United Kingdom",1
Queen Elizabeth II Health Sciences Centre,1,Canada,"Halifax, Nova Scotia",1
Queen Mary Hospital Department of Medicine,1,Hong Kong,"Hong Kong, Hong Kong",1
Queens Cancer Center,1,United States,"Rego Park, New York",1
Queens Hospital Center,1,United States,"Jamaica, New York",1
Quironsalud Malaga,1,Spain,"Málaga, Spain",1
RIGA EAST UNIVERSITY HOSPITAL,1,Latvia,"Riga, Latvia",1
ROYAL MARSDEN HOSPITAL,1,United Kingdom,"London, Kensington and Chelsea",1
Radboud Umcn,1,Netherlands,"Nijmegen, Netherlands",1
Radboud Universitair Medisch Centrum,1,Netherlands,"Nijmegen, Gelderland",1
Radhakrishna Multispecialty Hospital & IVF Centre,1,India,"Bangalore, Karnataka",1
Radiologie München,1,Germany,"München, Germany",1
Radiology Therapeutic Center,1,Romania,"Otopeni, Ilfov",1
Radiotherapy Center Cluj,1,Romania,"Cluj-Napoca, Romania",1
Reading Hospital McGlinn Cancer Institute at Phoenixville,1,United States,"Phoenixville, Pennsylvania",1
Real Hospital Portugues,1,Brazil,"Recife, Pernambuco",1
Real Hospital de Beneficência Portuguesa de Pernambuco,1,Brazil,"Recife, Pernambuco",1
Regional Cancer Care Associates,1,United States,"Teaneck, New Jersey",1
Regional Cancer Center,1,United States,"Fort Myers, Florida",1
Regional Cancer Center at Johnson City Medical Center,1,United States,"Johnson City, Tennessee",1
Regional Medical Oncology Center,1,United States,"Wilson, North Carolina",1
Regional West Medical Center Cancer Center,1,United States,"Scottsbluff, Nebraska",1
Regionalny Szpital Specjalistyczny im. dr. Władyslawa Biegańskiego,1,Poland,"Grudziądz, Kuyavian-Pomeranian Voivodeship",1
Regions Hospital Pharmacy,1,United States,"Saint Paul, Minnesota",1
Regionshospitalet Gødstrup,1,Denmark,"Herning, Central Jutland",1
Reiman Cancer Center,1,United States,"Franklin, Wisconsin",1
Reims,1,France,"Reims, France",1
Renmin Hospital Of Wuhan University,1,China,"Wuhan, Hubei",1
Renown Health Medical Oncology,1,United States,"Reno, Nevada",1
Renown Medical Group,1,United States,"Reno, Nevada",1
Renown Office of Clinical Research,1,United States,"Reno, Nevada",1
Republican Clinical Oncology Dispensary,1,Russia,"Ufa, Russia",1
Republican Dispensary of Tatarstan,1,Russia,"Kazan', Russia",1
Research site01,1,China,"Beijing, Beijing Municipality",1
Research site010,1,China,"Chongqing, Chongqing Municipality",1
Research site011,1,China,"Shenzhen, Guangdong",1
Research site012,1,China,"Changsha, Hunan",1
Research site013,1,China,"Beijing, Beijing Municipality",1
Research site014,1,China,"Hohhot, Neimenggu",1
Research site015,1,China,"Changchun, Jilin",1
Research site016,1,China,"Nanning, Guangxi",1
Research site017,1,China,"Shijiazhuang, Hebei",1
Research site018,1,China,"Harbin, Heilongjiang",1
Research site019,1,China,"Hangzhou, Zhejiang",1
Research site02,1,China,"Beijing, Beijing Municipality",1
Research site020,1,China,"Xi’an, Shanxi",1
Research site021,1,China,"Beijing, Beijing Municipality",1
Research site03,1,China,"Hubei, Wuhan",1
Research site04,1,China,"Zhengzhou, Henan",1
Research site05,1,China,"Xiamen, Fujian",1
Research site06,1,China,"Shenyang, Liaoning",1
Research site07,1,China,"Shenyang, Liaoning",1
Research site08,1,China,"Beijing, Beijing Municipality",1
Research site09,1,China,"Beijing, Beijing Municipality",1
Rex Hematology Oncology Associates,1,United States,"Raleigh, North Carolina",1
Richmond VA Medical Center,1,United States,"Richmond, Virginia",1
Ridley,1,United States,"Santa Barbara, California",1
Rigshospitalet Department of Oncology,1,Denmark,"Copenhagen, Capital Region",1
Rigshospitalet University Hospital,1,Denmark,"Copenhagen, Denmark",1
Rijnstate Ziekenhuis,1,Netherlands,"Arnhem, Netherlands",1
Rittenhouse Hematology Oncology,1,United States,"Philadelphia, Pennsylvania",1
Riverview Medical Center,1,United States,"Red Bank, New Jersey",1
Rivne Regional Clinical Hospital,1,Ukraine,"Rivne, Rivne Oblast",1
RoMed Klinikum Rosenheim,1,Germany,"Rosenheim, Bavaria",1
Robert Bosch Krankenhaus GmbH,1,Germany,"Stuttgart, Baden-Wurttemberg",1
Rochester General Hospital,1,United States,"Rochester, New York",1
Rock Hill Radiation Therapy Center,1,United States,"Rock Hill, South Carolina",1
Rocky Mountain Cancer Centers LLP,1,United States,"Colorado Springs, Colorado",13
Roger Williams Medical Center,1,United States,"Providence, Rhode Island",1
Roper Hospital,1,United States,"Charleston, South Carolina",1
Roseville Medical Plaza Care Center,1,United States,"Roseville, California",1
Rouen,1,France,"Rouen, France",1
Rowan Regional Medical Center,1,United States,"Salisbury, North Carolina",1
Roy and Patricia Disney Family Cancer Center,1,United States,"Burbank, California",1
Royal Adelaide Hospital,1,Australia,"Adelaide, Australia",1
Royal Brisbane and Women's Hospital,1,Australia,"Herston, Australia",1
Royal Cornwall Hospital,1,United Kingdom,"Truro, Cornwall",1
Royal Devon & Exeter Hospital,1,United Kingdom,"Exeter, Devon",1
Royal Free London NHS Foundation Trust,1,United Kingdom,"Hampstead, United Kingdom",1
Royal London Hospital,1,United Kingdom,"London, Greater London",1
Royal Marsden Hospital NHS Foundation Trust,1,United Kingdom,"London, United Kingdom",1
Royal Preston Hospital,1,United Kingdom,"Preston, United Kingdom",1
Royal Surrey County Hospital,1,United Kingdom,"Guildford, United Kingdom",1
Royal Surrey County Hospital NHS Foundation Trust,1,United Kingdom,"Guildford, Surrey",1
Royal Sussex County Hospital,1,United Kingdom,"Brighton, United Kingdom",1
Royal United Hospital,1,United Kingdom,"Bath, United Kingdom",1
Royal Wolverhampton Nhs Trust,1,United Kingdom,"Wolverhampton, United Kingdom",1
Ruhrlandklinik Essen,1,Germany,"Essen, Germany",1
Ruijin Hospital,1,China,"Shanghai, Shanghai Municipality",1
Rutgers Cancer Institute,1,United States,"New Brunswick, New Jersey",1
S C Oncocenter Oncologie Clinica S R L,1,Romania,"Timișoara, Timiș County",1
S.C R.T.C Radiology Therapeutic Center S.R.L,1,Romania,"Otopeni, Romania",1
S.C. Medisprof S.R.L,1,Romania,"Cluj-Napoca, Romania",1
S.C. ONCO CARD S.R.L,1,Romania,"Brasov, Romania",1
S.C. Radiotherapy Center Cluj SRL,1,Romania,"Cluj-Napoca, Cluj",1
S.C. Sigmedical Services SRL,1,Romania,"Suceava, Romania",1
SBHI of Moscow City Clinical Hospital,1,Russia,"Moscow, Russia",1
SBU GULHANE EGITIM VE ARASTIRMA HASTANESI Onkoloji,1,Turkey (Türkiye),"Ankara, Turkey (Türkiye)",1
SC Gral Medical SRL,1,Romania,"Bucharest, Romania",1
SC MNT HEALTHCARE EUROPE SRL,1,Romania,"Bucharest, Romania",1
SC MNT Healthcare Europe SRL,1,Romania,"Bucharest, Romania",1
SC Medisprof SRL,1,Romania,"Cluj-Napoca, Cluj",1
SC OncoMed SRL,1,Romania,"Timișoara, Timiș County",1
SC Oncolab SRL,1,Romania,"Craiova, Dolj",1
SC RTC Radiology Therapeutic Center SRL,1,Romania,"Otopeni, Ilfov",1
SCL Health,1,United States,"Littleton, Colorado",1
SMG,1,South Korea,"Seoul, Seoul Teugbyeolsi",1
SP ZOZ Opolskie Centrum Onkologii im. prof. Tadeusza Koszarowskiego w Opolu,1,Poland,"Opole, Poland",1
SPZOZ Uniwersytecki Szpital Kliniczny Im. Wojskowej Akademii Medycznej UM W Łodzi Centralny Szpital,1,Poland,"Lodz, Łódź Voivodeship",1
SS Antonio e Biagio e Cesare Arrigo Hospital,1,Italy,"Alessandria, Italy",1
SSM Health Cancer Care,1,United States,"Fenton, Missouri",1
START Astera,1,United States,"East Brunswick, New Jersey",1
START Dallas,1,United States,"Fort Worth, Texas",1
START Dallas Fort Worth,1,United States,"Fort Worth, Texas",1
START Dallas Forth Worth,1,United States,"Fort Worth, Texas",1
START Dublin Early Phase Clinical Trials Unit,1,Ireland,"Dublin, Ireland",1
START Fort Worth,1,United States,"Fort Worth, Texas",1
START LA,1,United States,"Los Angeles, California",1
START Los Angeles,1,United States,"Los Angeles, California",1
START MADRID_Hospital Universitario Fundacion Jimenez Diaz,1,Spain,"Madrid, Madrid",1
START MADRID_Hospital Universitario HM Sanchinarro,1,Spain,"Madrid, Madrid",1
START Madrid CIOCC,1,Spain,"Madrid, Spain",1
START New Jersey,1,United States,"East Brunswick, New Jersey",1
SUN Yat,1,China,"Guangzhou, Guangdong",1
SUNY Upstate Cancer Center,1,United States,"Syracuse, New York",1
Sacramento VA Medical Center,1,United States,"Mather, California",1
Sacred Heart Hospital,1,United States,"Pensacola, Florida",1
Saint,1,France,"Saint-Nazaire, France",1
Saint Anthony North Hospital,1,United States,"Westminster, Colorado",1
Saint Anthony's Hospital Cancer Care Center,1,United States,"St. Petersburg, Florida",1
Saint Claire Regional Medical Center,1,United States,"Morehead, Kentucky",1
Saint Elizabeth Healthcare,1,United States,"Edgewood, Kentucky",1
Saint Elizabeth Healthcare Edgewood,1,United States,"Edgewood, Kentucky",1
Saint Elizabeth Healthcare Fort Thomas,1,United States,"Fort Thomas, Kentucky",1
Saint George Regional Medical Center,1,United States,"St. George, Utah",1
Saint Joseph Mount Sterling,1,United States,"Mount Sterling, Kentucky",1
Saint Joseph's Candler Health System,1,United States,"Bluffton, South Carolina",1
Saint Jude Medical Center,1,United States,"Fullerton, California",1
Saint Louis University Cancer Center,1,United States,"St Louis, Missouri",1
Saint Luke's Cancer Center,1,United States,"Allentown, Pennsylvania",1
Saint Luke's East Hospital,1,United States,"Lee's Summit, Missouri",1
Saint Luke's University Hospital,1,United States,"Bethlehem, Pennsylvania",1
Saint Lukes Hospital,1,Ireland,"Dublin, Co Dublin",1
Saint Mary's Medical Center,1,United States,"Huntington, West Virginia",1
Saint Michael Cancer Center,1,United States,"Silverdale, Washington",1
Saint Peter's Community Hospital,1,United States,"Helena, Montana",1
"Saint Petersburg State Budgetary Healthcare Institution ""City Clinical Oncological Dispensary""",1,Russia,"Saint Petersburg, Russia",1
Saint Savvas Anticancer,1,Greece,"Athens, Attica",1
Saint Tammany Hospital Service District #2,1,United States,"Slidell, Louisiana",1
Saint Vincent Healthcare,1,United States,"Billings, Montana",1
Saint Vincent Hospital Cancer Center at Marinette,1,United States,"Marinette, Wisconsin",1
Sakarya Egitim ve Arastirma Hastanesi,1,Turkey (Türkiye),"Adapazarı, Sakarya",1
Sakarya Universitesi Tip Fakultesi Hastanesi,1,Turkey (Türkiye),"Adapazarı, Sakarya",1
Sakarya University,1,Turkey (Türkiye),"Sakarya, Turkey (Türkiye)",1
Sakarya University Training and Research Hospital,1,Turkey (Türkiye),"Sakarya, Turkey (Türkiye)",1
Salinas Valley Memorial,1,United States,"Salinas, California",1
San Francisco Oncology Associates,1,United States,"San Francisco, California",1
San Francisco VA Medical Center,1,United States,"San Francisco, California",1
San Juan Oncology Associates,1,United States,"Farmington, New Mexico",1
San Paolo,1,Italy,"Milan, Lombardy",1
Sanatorio Allende,1,Argentina,"Córdoba, Argentina",1
Sanatorio Britanico S.A,1,Argentina,"Rosario, Argentina",1
Sanatorio Privado de la Cañada,1,Argentina,"Córdoba, Argentina",1
Sandra L Maxwell Cancer Center,1,United States,"Cedar City, Utah",1
Sands Cancer Center,1,United States,"Canandaigua, New York",1
Sandton Oncology Medical Group PTY Ltd,1,South Africa,"Johannesburg, Gauteng",1
Sansum Clinic,1,United States,"Santa Barbara, California",2
Santa Casa de Misericordia de Belo Horizonte,1,Brazil,"Belo Horizonte, Brazil",1
Santa Casa de Misericórdia da Bahia,1,Brazil,"Salvador, Estado de Bahia",1
Santa Clara Valley Medical Center,1,United States,"Fruitdale, California",1
Santa Cruz Radiation Oncology Medical Group,1,United States,"Santa Cruz, California",1
Sapporo Medical University Hospital,1,Japan,"Sapporo, Hokkaido",1
Sapporo Minami,1,Japan,"Sapporo, Hokkaido",1
Sapporo Minamisanjo Hospital,1,Japan,"Sapporo, Japan",1
Sara Cannon Research Institute Lake Nona,1,United States,"Orlando, Florida",1
Sarcoma Oncology Center,1,United States,"Santa Monica, California",1
Sc Mnt Healthcare Europe Srl,1,Romania,"Bucharest, Bucharest",1
Sc Oncolab Srl,1,Romania,"Craiova, Dolj",1
Scientia Clinical Research,1,Australia,"Randwick, New South Wales",1
Scientia Clinical Research LTD,1,Australia,"Randwick, New South Wales",1
Scientia Investigacion Clinica S.C,1,Mexico,"Chihuahua City, Mexico",1
Second Affiliated Hospital of Army Medical University,1,China,"Chongqing, China",1
Second Xiangya Hospital of Central South University,1,China,"Changsha, Hunan",1
Semmelweis Egyetem,1,Hungary,"Budapest, Hungary",1
Seoul Metropolitan Government Seoul National University Boramae Medical Center,1,South Korea,"Seoul, South Korea",1
Seoul St. Mary's Hospital,1,South Korea,"Seoul, South Korea",1
Seoul St.Mary'S Hospital,1,South Korea,"Seoul, South Korea",1
Seoul University Hospital,1,South Korea,"Seoul, South Korea",1
Servicio de Farmacia ICO,1,Spain,"L'Hospitalet de Llobregat, Spain",1
Servicio de Radiologia Hospital Universitario Ramon y Cajal,1,Spain,"Madrid, Spain",1
Servicios Medicos e Investigacion Biocenter SpA,1,Chile,"Concepción, Chile",1
Servicios Médicos Oncológicos,1,Guatemala,"Guatemala City, Guatemala",1
Severance Hospital Yonsei Cancer Center,1,South Korea,"Seoul, South Korea",1
Severance Hospital Yonsei University,1,South Korea,"Seoul, South Korea",1
Shalimov Institute of Surgery and Transplantation,1,Ukraine,"Kyiv, Kyivska Oblast",1
Shalimov Institute of Surgery and Transplantation Oncology department,1,Ukraine,"Kyiv, Ukraine",1
Shandong Cancer Hospitai,1,China,"Jinan, Shandong",1
Shandong Cancer Hospital and Institute,1,China,"Jinan, Shandong",1
Shandong Cancer hospital & institute,1,China,"Jinan, Shandong",1
Shandong Provincial Hospital,1,China,"Jinan, Shandong",1
Shandong Public Health Clinical Center,1,China,"Jinan, Shandong",1
ShangHai Pulmonary Hospital,1,China,"Shanghai, Shanghai Municipality",1
Shanghai Changhai Hospital,1,China,"Shanghai, Shanghai Municipality",1
Shanghai Dongfang Hospital,1,China,"Shanghai, Shanghai Municipality",1
Shanghai Gaobo Cancer Hospital,1,China,"Shanghai, China",1
Shanghai General Hospital,1,China,"Shanghai, Shanghai Municipality",1
Shanghai General Hospital Thoracic Surgery Department,1,China,"Shanghai, Shanghai Municipality",1
Shanghai Oriental Hospital,1,China,"Shanghai, Shanghai Municipality",1
Shanghai Public Health Clinical Center,1,China,"Shanghai, Shanghai Municipality",1
Shanghai Tenth People's Hospital,1,China,"Shanghai, Shanghai Municipality",1
Shanghai Tenth people's Hospital,1,China,"Shanghai, Shanghai Municipality",1
Shanghai Zhongshan Hospital,1,China,"Shanghai, China",1
Shanxi province cancer hospital,1,China,"Taiyuan, Shanxi",1
Sharp Memorial Hospital,1,United States,"San Diego, California",1
ShenZhen People's Hospital,1,China,"Shenzhen, Guangdong",1
Shenandoah Oncology P.C,1,United States,"Winchester, Virginia",1
Shenandoah Oncology PC,1,United States,"Winchester, Virginia",1
Shengjing Hospital of China Medical University,1,China,"Shenyang, Liaoning",1
Shengjing hospital of China medical university,1,China,"Shenyang, Liaoning",1
Shenzhen Third People's Hospital,1,China,"Shenzhen, Guangdong",1
Shibukawa Medical Center,1,Japan,"Shibukawa, Japan",1
Shijiazhuang People's hospital,1,China,"Shijiazhuang, China",1
Shuang Ho Hospital,1,Taiwan,"New Taipei City, Zhonghe District",1
Sichuan Academy of Medical Sciences&Sichuan Provincial People's Hospital,1,China,"Sichuan, Sichuan",1
Sichuan Cancer Hospital and Institute,1,China,"Chengdu, Sichuan",1
Sichuan Cancer Hospital and Research Institute,1,China,"Chengdu, Sichuan",1
Sichuan Provincial Tumor Hospital,1,China,"Chengdu, Sichuan",1
Sichuan province cancer hospital,1,China,"Chengdu, Sichuan",1
Sigmedical Services SRL,1,Romania,"Suceava, Romania",1
Singing River Hospital,1,United States,"Pascagoula, Mississippi",1
Singleton Hospital,1,United Kingdom,"Swansea, United Kingdom",1
Sint Antonius Ziekenhuis,1,Netherlands,"Utrecht, Netherlands",1
Sir H. N. Reliance Foundation Hospital and Research Centre,1,India,"Mumbai, Maharashtra",1
Siriraj Hospital,1,Thailand,"Bangkok, Thailand",1
Siriraj Hospital Mahidol University,1,Thailand,"Bangkok, Thailand",1
Site ES34006,1,Spain,"Madrid, Spain",1
Site ES34008,1,Spain,"Málaga, Spain",1
Site ES34011,1,Spain,"Madrid, Spain",1
Site ES34017,1,Spain,"Barcelona, Spain",1
Site FR33001,1,France,"Villejuif, France",1
Site FR33005,1,France,"Toulouse, France",1
Site FR33008,1,France,"Saint-Herblain, France",1
Sjukhuset I Gävle,1,Sweden,"Gävle, Gävleborgs LÄN [se-21]",1
Skagit Regional Health Cancer Care Center,1,United States,"Mount Vernon, Washington",1
Slk,1,Germany,"Heilbronn, Baden-Wurttemberg",1
Sociedad De Oncología y Hematología Del Cesar SAS,1,Colombia,"Valledupar, Cesar Department",1
Sociedad Oncovida,1,Chile,"Providencia, Santiago Metropolitan",1
Sociedad Oncovida SA,1,Chile,"Santiago, Santiago Metropolitan",1
Sociedad Prosalud Montes y Orlandi,1,Chile,"Providencia, Santiago Metropolitan",1
Sociedad de Oncologia y Hematologia del Cesar SAS,1,Colombia,"Valledupar, Cesar Department",1
Sociedade Beneficente de Senhoras Hospital Sirio Libanes,1,Brazil,"São Paulo, Brazil",1
Somogy Varmegyei Kaposi Mor Oktato Korhaz,1,Hungary,"Kaposvár, Somogy County",1
Songklanagarind hospital,1,Thailand,"Hat Yai, Changwat Songkhla",1
Soroka Medical Center,1,Israel,"Beersheba, Southern District",1
Soroka University Medical Center,1,Israel,"Beersheba, Southern District",1
Sotiria Hospital,1,Greece,"Athens, Greece",1
Sotiria Thoracic Diseases Hospital of Athens,1,Greece,"Athens, Greece",1
South Florida Baptist Hospital,1,United States,"Plant City, Florida",1
South Georgia Medical Center,1,United States,"Valdosta, Georgia",1
South Texas Accelerated Research Therapeutics Mountain Region,1,United States,"West Valley City, Utah",1
Southcoast Centers for Cancer Care,1,United States,"Fairhaven, Massachusetts",2
Southern Cancer Center Pc,1,United States,"Daphne, Alabama",1
Southern Illinois University,1,United States,"Springfield, Illinois",1
Southern Medical University Nanfang Hospital Department of Oncology,1,China,"Guangzhou, Guangdong",1
Southern Oncology Clinical Research Unit,1,Australia,"Adelaide, South Australia",1
Southlake Regional Health Centre,1,Canada,"Newmarket, Ontario",1
Sovah Health Martinsville,1,United States,"Martinsville, Virginia",1
Spandana Oncology Centre,1,India,"Bengaluru, Karnataka",1
Spark M. Matsunaga VA Medical Center,1,United States,"Honolulu, Hawaii",1
Sparsh Hospitals & Critical Care,1,India,"Bhubaneswar, Odisha",1
Special Anticancer Hospital of Piraeus 'Metaxa',1,Greece,"Piraeus, Greece",1
Spital Thun,1,Switzerland,"Thun, Switzerland",1
Spital Thurgau AG,1,Switzerland,"Frauenfeld, Switzerland",1
"Spitalul Clinic Militar de Urgenta Dr. ""Constantin Papilian"" Cluj",1,Romania,"Cluj-Napoca, Romania",1
Spitalul Clinic Municipal De Urgenta Timisoara,1,Romania,"Timișoara, Timiș County",1
Spitalul Municipal Ploiesti,1,Romania,"Ploieşti, Romania",1
Spitalul Pelican,1,Romania,"Oradea, Bihor County",1
Spoknwrd Clinical Trials,1,United States,"Easton, Pennsylvania",1
Springfield Clinic Radiology,1,United States,"Springfield, Illinois",2
Springfield Clinic Urgent Care Plus,1,United States,"Springfield, Illinois",1
St,1,Germany,"Eschweiler, North Rhine-Westphalia",1
St Andrews Medical Centre,1,Australia,"Adelaide, Australia",1
St Antonius Ziekenhuis,1,Netherlands,"Utrecht, Netherlands",1
St Bartholomew's Hospitals,1,United Kingdom,"London, United Kingdom",1
St Bartholomews Hospital,1,United Kingdom,"London, London, City of",1
St Francis Cancer Center,1,United States,"Greenville, South Carolina",1
St George Private Hospital,1,Australia,"Kogarah, Australia",1
St George's Hospitals NHS Foundation Trust,1,United Kingdom,"London, United Kingdom",1
St James University Hospital,1,United Kingdom,"Leeds, United Kingdom",1
St James's University Hospital,1,United Kingdom,"Leeds, United Kingdom",1
St John of God Murdoch Hospital,1,Australia,"Murdoch, Australia",1
St John of God Subiaco Hospital,1,Australia,"Subiaco, Western Australia",1
St Jude Heritage Medical Group,1,United States,"Fullerton, California",1
St Luke's Hospital,1,Greece,"Panórama, Greece",1
St. Bernards Healthcare,1,United States,"Jonesboro, Arkansas",1
St. Elizabeth Healthcare,1,United States,"Edgewood, Kentucky",1
St. James's University Hospital,1,United Kingdom,"Leeds, United Kingdom",1
St. Jansdal ziekenhuis,1,Netherlands,"Harderwijk, Netherlands",1
St. John of God Subiaco Hospital,1,Australia,"Subiaco, Western Australia",1
St. Joseph Medical Center Hematology and Oncology,1,United States,"Silverdale, Washington",1
St. Joseph's Healthcare Hamilton,1,Canada,"Hamilton, Ontario",1
St. Josephs Healthcare Hamilton,1,Canada,"Hamilton, Ontario",1
St. Jude Heritage Medical Group,1,United States,"Fullerton, California",1
St. Jude Herritage Medical Group,1,United States,"Fullerton, California",1
St. Luke'S,1,United States,"Duluth, Minnesota",1
St. Luke's Cancer Institute: Boise,1,United States,"Boise, Idaho",1
St. Luke's Hospital,1,United States,"Chesterfield, Missouri",1
St. Lukes Hosp. of Kansas City,1,United States,"Kansas City, Missouri",1
St. Lukes Hospital and Health Network,1,United States,"Bethlehem, Pennsylvania",1
St. Lukes Hospital of Kansas City,1,United States,"Kansas City, Missouri",1
St. Michael's Hospital LLC,1,Georgia,"Tbilisi, Georgia",1
Stadtspital Zürich Triemli,1,Switzerland,"Zurich, Switzerland",1
Staedtisches Klinikum Muenchen Bogenhausen,1,Germany,"München, Germany",1
Standort Penzing der Klinik Ottakring,1,Austria,"Vienna, Austria",1
Start Lacn,1,United States,"Los Angeles, California",1
Start San Antonio,1,United States,"San Antonio, Texas",1
State Budgetary Healthcare Institution of the Yaroslavl Region,1,Russia,"Yaroslavl, Russia",1
Staten Island University Hospital,1,United States,"Staten Island, New York",1
Stavanger Universitetssykehus,1,Norway,"Stavanger, Rogaland",1
Steve Biko Academic Hospital,1,South Africa,"Pretoria, Gauteng",1
Stockton Hematology Oncology Group,1,United States,"Stockton, California",1
Stockton Hematology Oncology Medical Group,1,United States,"Lodi, California",4
Stony Brook University,1,United States,"Stony Brook, New York",1
Straub Pearlridge Clinic,1,United States,"‘Aiea, Hawaii",1
Study Site,1,China,"Chengdu, Sichuan",1
Sultan Ismail Hospital,1,Malaysia,"Johor Bahru, Johor",1
Summa Health,1,United States,"Akron, Ohio",1
Summit Cancer Treatment Center,1,United States,"Spokane, Washington",1
Summit Medical Group PA,1,United States,"Florham Park, New Jersey",1
Sun,1,China,"Guangzhou, Guangdong",1
SunYat,1,China,"Guangzhou, Guangdong",1
Sunshine Hospital,1,Australia,"Saint Albans, Victoria",1
Suny,1,United States,"Stony Brook, New York",1
Suporte Nutricional e Quimioterapia LTDA,1,Brazil,"Fortaleza, Ceará",1
Sutter Cancer Research Consortium,1,United States,"Novato, California",1
Sutter Institute for Medical Research,1,United States,"Sacramento, California",1
Sutter Medical Center,1,United States,"Roseville, California",2
Swedish Cancer Institute Edmonds Campus,1,United States,"Edmonds, Washington",1
Swietokrzyskie Centrum Onkologii,1,Poland,"Kielce, Świętokrzyskie Voivodeship",1
Sykehuset Innlandet HF Gjøvik,1,Norway,"Gjøvik, Oppland",1
Sylvester Comprehensive Cancer Center Miami,1,United States,"Miami, Florida",1
Szent Borbála Hospital,1,Hungary,"Tatabánya, Hungary",1
Szpital Specjalistyczny im. Henryka Klimontowicza,1,Poland,"Gorlice, Lesser Poland Voivodeship",1
Szpital Specjalistyczny im. Ludwika Rydygiera w Krakowie,1,Poland,"Krakow, Lesser Poland Voivodeship",1
Szpital Specjalistyczny w Brzozowie,1,Poland,"Brzozów, Poland",1
Szpital Wojewodzki im. Mikolaja Kopernika w Koszalinie,1,Poland,"Koszalin, Poland",1
Szpital Wojewódzki im. Mikołaja Kopernika w Koszalinie,1,Poland,"Koszalin, Poland",1
THE Affiliated Hospital of Xuzhou Medical University,1,China,"Xuzhou, China",1
TIM,1,Georgia,"Tbilisi, Georgia",1
TSMU and Ingorokva High Medical Technology University Clinic LTD,1,Georgia,"Tbilisi, Georgia",1
TUM Klinikum,1,Germany,"München, Bavaria",1
Taipei Medical Univresity Hospital,1,Taiwan,"Taipei, Taiwan",1
Taizhou Hospital Zhejiang Province,1,China,"Taizhou, Zhejiang",1
Tam Anh General Hospital,1,Vietnam,"Hanoi, Hanoi",1
Tamarack Health Hayward Medical Center,1,United States,"Hayward, Wisconsin",1
Tamworth Hospital,1,Australia,"North Tamworth, New South Wales",1
Tang,1,China,"Xi'an, Shaanxi",1
Tangdu Hospital Affiliated to the Fourth Military Medical University,1,China,"Xi'an, Shannxi",1
Tangshan People's Hospital,1,China,"Tangshan, Hebei",1
Taoyuan General Hospital,1,Taiwan,"Taoyuan City, Taoyuan",1
Tartu University Hospital,1,Estonia,"Tartu, Tartu",1
Tasman Health Care,1,Australia,"Southport, Queensland",1
Tasman Oncology Research,1,Australia,"Southport, Queensland",1
Tauranga Hospital,1,New Zealand,"Tauranga, Bay of Plenty",1
Tbilisi Institute of Medicine,1,Georgia,"Tbilisi, Georgia",1
Technische Universität Dresden Medizinische Fakultät Carl Gustav Carus Medizinische Klinik und Poliklinik I,1,Germany,"Dresden, Germany",1
Tel Aviv Sourasky Medical Center,1,Israel,"Tel Aviv, Tel Aviv",1
Tennessee Cancer Specialists Dowell Springs location,1,United States,"Knoxville, Tennessee",1
Tennesseee Oncology,1,United States,"Mount Juliet, Tennessee",1
Texas Oncology Central South,1,United States,"Austin, Texas",1
Texas Oncology Sammons Cancer Center,1,United States,"Dallas, Texas",1
The Affilated Hospital of Inner Mongolia Medical University,1,China,"Hohhot, Neimenggu",1
The Affiliated Cancer Hospital of Chongqin University,1,China,"Chongqing, Chongqing Municipality",1
The Affiliated Cancer Hospital of Shandong First Medical University,1,China,"Jinan, China",1
The Affiliated Hospital Of Southwest Medical Unerversity,1,China,"Luzhou, Sichuan",1
The Affiliated Hospital Of XuZhou Medical University,1,China,"Xuzhou, Jiangsu",1
The Affiliated Hospital of Chengde Medical College,1,China,"Chengde, Hebei",1
The Affiliated Hospital of Fujian Medical University,1,China,"Fuzhou, Fujian",1
The Affiliated Hospital of Guangdong Medical University,1,China,"Zhanjiang, Guangdong",1
The Affiliated Hospital of Inner Mongolia Hospital,1,China,"Hohhot, China",1
The Affiliated Hospital of Inner Mongolia Medical University,1,China,"Hohhot, Inner Mongolia",1
The Affiliated Hospital of Southwest Medical University,1,China,"Luzhou, Sichuan",1
The Affiliated Suqian Hospital of Xuzhou Medical University,1,China,"Suqian, Jiangsu",1
The Affiliated Tumor Hospital of Xinjiang Medical University,1,China,"Ürümqi, Xinjiang",1
The Alfred Hospital,1,Australia,"Melbourne, Victoria",1
The Angeles Clinic and Research Institue,1,United States,"Santa Monica, California",1
The Beatson,1,United Kingdom,"Glasgow, United Kingdom",1
The Cancer Institute Hospital Of JFCR,1,Japan,"Koto-ku, Tokyo",1
The Cancer Institute Hospital of Japanese Foundation for Cancer Research,1,Japan,"Tokyo, Japan",1
The Cancer Institute of New Jersey Hamilton,1,United States,"Hamilton, New Jersey",1
The Catholic Univ. of Korea Seoul St. Mary's Hospital,1,South Korea,"Seoul, Seoul-teukbyeolsi [seoul]",1
The Catholic Univ. of Korea St. Vincent's Hospital,1,South Korea,"Suwon, Gyeonggi-do",1
The Catholic University Of Korea,1,South Korea,"Suwon, South Korea",1
The Catholic University of Korea St Vincent's Hospital,1,South Korea,"Suwon, Gyeonggi-do",1
The Catholic University of Korea St. Vincent s Hospital,1,South Korea,"Suwon, Kyonggi-do",1
The Catholic University of Korea St. Vincent's Hospital,1,South Korea,"Suwon, South Korea",1
The Center for Cancer Prevention and Treatment at St.Joseph Hospital of Orange,1,United States,"Orange, California",1
The Center for Cancer and Blood Disorders,1,United States,"Arlington, Texas",4
The Chinese University of Hong Kong,1,Hong Kong,"Shatin, Hong Kong",1
The Christ Hospital Cancer Center,1,United States,"Cincinnati, Ohio",1
The Christie,1,United Kingdom,"Manchester, United Kingdom",1
The Christie Hospital,1,United Kingdom,"Manchester, United Kingdom",1
The Clatterbridge Cancer Center,1,United Kingdom,"Liverpool, United Kingdom",1
The Clatterbridge Cancer Centre NHS Foundation Trust,1,United Kingdom,"Metropolitan Borough of Wirral, England",1
The Edith Wolfson Medical Center,1,Israel,"Holon, Southern District",1
The Fifth medical center of Chinese PLA General Hospital,1,China,"Beijing, Beijing Municipality",1
The First Affiliated Hospital Of Fujian Medical University,1,China,"Fuzhou, Fujian",1
The First Affiliated Hospital Of Guangzhou Medical University,1,China,"Guangzhou, Guangdong",1
The First Affiliated Hospital Of Nanchang University,1,China,"Nanchang, Jiangxi",1
The First Affiliated Hospital Of Xi'an Jiaotong University,1,China,"Xi'an, Shaanxi",1
The First Affiliated Hospital Of Xinxiang Medical Unerversity,1,China,"Xinxiang, Henan",1
The First Affiliated Hospital School of Clinical Medicine of Guangdong Pharmaceutical University,1,China,"Guangzhou, China",1
The First Affiliated Hospital Sun Yat sen University,1,China,"Guangzhou, China",1
The First Affiliated Hospital Xiamen University,1,China,"Xiamen, Fujian",1
The First Affiliated Hospital of Fujian Medical University,1,China,"Fujian, Fujian",1
The First Affiliated Hospital of Guangdong Pharmaceutical University,1,China,"Guangzhou, Guangdong",1
The First Affiliated Hospital of Guangzhou University of Chinese Medicine,1,China,"Guangzhou, Guangdong",1
The First Affiliated Hospital of Henan University of Science & Technology,1,China,"Luoyang, Henan",1
The First Affiliated Hospital of Shantou University Medical College,1,China,"Shantou, Guangdong",1
The First Affiliated Hospital of Sun Yat,1,China,"Guangzhou, Guangdong",1
The First Affiliated Hospital of University of South China,1,China,"Hengyang, Hunan",1
The First Affiliated Hospital of Wannan Medical College,1,China,"Wuhu, Anhui",1
The First Affiliated Hospital of Xi'An JiaoTong University,1,China,"Xi’an, Shanxi",1
The First Affiliated Hospital of Xian Jiaotong University,1,China,"Xi'an, Shaanxi",1
The First Affiliated Hospital.Sun Yat,1,China,"Guangzhou, Guangdong",1
The First Afflilated Hospital of Bengbu Medical College,1,China,"Bengbu, Anhui",1
The First Hospital of Changsha,1,China,"Changsha, China",1
The First People's Hospital of Changde City,1,China,"Changde, Hunan",1
The First People's Hospital of Lianyungang,1,China,"Lianyungang, Jiangsu",1
The First affiliated Hospital of Chongqing Medical University,1,China,"Chongqing, Chongqing Municipality",1
The First affiliated hospital Zhejiang university school of medicine,1,China,"Hangzhou, Zhejiang",1
The First affiliated hospital of Xiamen University,1,China,"Xiamen, Fujian",1
The First people's hospital of Yulin,1,China,"Yulin, Guangxi",1
The Fourth Hospital of Hebei University,1,China,"Shijiazhuang, Hebei",1
The General Hospital of Eastern Theater Command,1,China,"Nanjing, Jiangsu",1
The Institute for Pulmonary Diseases of Vojvodina,1,Serbia,"Kamenitz, Serbia",1
The Institute of Oncology,1,Moldova,"Chisinau, Moldova",1
The Kirklin Clinic at Acton Road,1,United States,"Birmingham, Alabama",1
The Longstreet Clinic,1,United States,"Gainesville, Georgia",1
The Medical City,1,Philippines,"Pasig, National Capital Region",1
The Medical Oncology Centre of Rosebank,1,South Africa,"Johannesburg, Gauteng",1
The New York Hospital Medical Center of Queens,1,United States,"Flushing, New York",1
The Newcastle upon Tyne Hospitals NHS Foundation Trust,1,United Kingdom,"Newcastle upon Tyne, United Kingdom",1
The Obstetrics & Gynecology Hospital Affiliated to Fudan University,1,China,"Shanghai, Shanghai Municipality",1
The Oncology Centre,1,South Africa,"Durban, KwaZulu-Natal",1
The Oncology Institute Of Hope & Innovation,1,United States,"Los Angeles, California",1
The People's Hospital of Guangxi Zhuangzu Autonomous Region,1,China,"Nanning, Guangxi",1
The Princess Margaret Cancer Centre,1,Canada,"Toronto, Ontario",1
The Queen Elizabeth Hospital,1,Australia,"Woodville South, South Australia",1
The Queens Medical Center,1,United States,"Honolulu, Hawaii",1
The Regents of the University of California,1,United States,"Los Angeles, California",1
The Research Institute of the McGill University Health Centre,1,Canada,"Montreal, Quebec",1
The Royal Marsden Hospital,1,United Kingdom,"Sutton, Queensland",1
The Royal Marsden Hospital Chelsea,1,United Kingdom,"Chelsea, United Kingdom",1
The Royal Marsden NHS Foundation and Trust,1,United Kingdom,"London, United Kingdom",1
The Royal Marsden Sutton,1,United Kingdom,"Sutton, United Kingdom",1
The Royal Surrey County Hospital,1,United Kingdom,"Guildford, United Kingdom",1
The Royal Surrey County Hospital NHS Foundation Trust,1,United Kingdom,"Guildford, United Kingdom",1
The START center Dublin,1,Ireland,"Dublin, Dublin",1
The Second Affiliated Hospital,1,China,"Hangzhou, Zhejiang",1
The Second Affiliated Hospital Of Nanchang University,1,China,"Nanchang, Jiangxi",1
The Second Affiliated Hospital of Chongqing Medical University,1,China,"Chongqing, Chongqing Municipality",1
The Second Affiliated Hospital of Dalian Medical University,1,China,"Dalian, Liaoning",1
The Second Affiliated Hospital of Guilin Medical College,1,China,"Guilin, Guangxi",1
The Second Affiliated Hospital of Harbin Medical University,1,China,"Harbin, Heilongjiang",1
The Second Affiliated Hospital of Nanchang Universityhongjiaozhou Branch,1,China,"Nanchang, Jiangxi",1
The Second Affiliated Hospital of Shandong First Medical University,1,China,"Tai’an, Shandong",1
The Second Affiliated Hospital of Zhejiang University School of Medicine,1,China,"Hangzhou, Zhejiang",1
The Second Affiliated Hospital of Zunyi Medical University,1,China,"Zunyi, Guizhou",1
The Second Affiliated Hospital of the Air Force Medical University of PLA,1,China,"Xi'an, Shaanxi",1
The Second Hospital of Dalian Medical University,1,China,"Dalian, China",1
The Second Hospital of Hebei Medical University,1,China,"Shijiazhuang, Hebei",1
The Second Xiangya Hospital Of Central South University,1,China,"Changsha, Hunan",1
The Second Xiangya Hospital of Central south University,1,China,"Changsha, Hunan",1
The Shanghai East Hospital,1,China,"Shanghai, China",1
The Sixth Affiliated Hospital of Sun Yat,1,China,"Guangzhou, Guangdong",1
The Southern Oncology Clinical Research Unit,1,Australia,"Adelaide, South Australia",1
The Southwest hospital of AMU,1,China,"Chongqing, Chongqing Municipality",1
The Third Affiliated Hospital of Wenzhou Medical University,1,China,"Wenzhou, China",1
The Third Hospital of Changsha,1,China,"Changsha, China",1
The Third Hospital of Nanchang,1,China,"Nanchang, Jiangxi",1
The Third Oncology Ward,1,China,"Zhengzhou, Henan",1
The Third People's Hospital of Chengdu,1,China,"Chengdu, Sichuan",1
The University of Hong Kong,1,Hong Kong,"Hong Kong, Hong Kong",1
The University of Tennessee Medical Center,1,United States,"Knoxville, Tennessee",1
The University of Texas M.D Anderson Cancer Center,1,United States,"Houston, Texas",1
The University of Texas M.D. Anderson Cancer Center,1,United States,"Houston, Texas",1
The Watson Clinic,1,United States,"Lakeland, Florida",1
The West Clinic PC dba West Cancer Center,1,United States,"Germantown, Tennessee",1
The affiliated hospital of Qingdao university,1,China,"Qingdao, Shandong",1
The first Affiliated Hospital of Nanchang University,1,China,"Nanchang, Jiangxi",1
The first Affiliated Hospital of Xi'an Jiaotong University,1,China,"Xi'an, Harbin",1
The first affiliated hospital of Bengbu medical college,1,China,"Bengbu, Anhui",1
The first affiliated hospital of nanchang university,1,China,"Nanchang, China",1
The first people's hospital of Changzhou,1,China,"Changzhou, Jiangsu",1
The second affiliated hospital of Zhejiang University School of Medicine,1,China,"Hangzhou, Zhejiang",1
The second people's hospital of neijiang,1,China,"Neijiang, Sichuan",1
The third people's hospital of chengdu,1,China,"Chengdu, Sichuan",1
Theagenio Anti,1,Greece,"Thessaloniki, Thessaloniki",1
Thong Nhat Hospital,1,Vietnam,"Ho Chi Minh City, Vietnam",1
Thoraxklinik Heidelberg,1,Germany,"Heidelberg, Germany",1
Three Rivers Community Hospital,1,United States,"Grants Pass, Oregon",1
TianJin Medical University Cancer Institute & Hospital,1,China,"Tianjin, China",1
Tianjin Cancer Hospital,1,China,"Tianjin, Tianjin Municipality",1
Tianjin Chest Hospital,1,China,"Tianjin, Tianjin Municipality",1
Tianjin Huanhu Hospital,1,China,"Tianjin, Tianjin Municipality",1
Tianjin Medical University Cancer Institute Hospital,1,China,"Tianjin, Tianjin Municipality",1
Tianjin Medical university cancer institute & hospital,1,China,"Tianjin, Tianjin Municipality",1
Tianjin cancer hospital,1,China,"Tianjin, Tianjin Municipality",1
Tianjin medical University cancer,1,China,"Tianjin, Tianjin Municipality",1
Tianjin medical university cancer hospital and institute,1,China,"Tianjin, Tianjin Municipality",1
Tidelands Georgetown Memorial Hospital,1,United States,"Georgetown, South Carolina",1
Tochigi Cancer Center,1,Japan,"Utsunomiya, Tochigi",1
Todua Clinic,1,Georgia,"Tbilisi, Georgia",1
Tokyo Metropolitan Cancer and Infectious diseases Center Komagome Hospital,1,Japan,"Tokyo, Japan",1
Tolna Varmegyei Balassa Janos Korhaz,1,Hungary,"Szekszárd, Hungary",1
Tongji Hospital Tongji College of HUST,1,China,"Wuhan, China",1
Tongji Hospital Tongji Medical College of HUST,1,China,"Wuhan, Hubei",1
Tongji Hospital of Tongji Medical College Huazhong University of Science and Technology,1,China,"Wuhan, Hubei",1
Topeka VA Hospital,1,United States,"Topeka, Kansas",1
Torrance Memorial Medical Center,1,United States,"Torrance, California",1
Tottori University Hospital,1,Japan,"Yonago-shi, Japan",1
Townsville University Hospital,1,Australia,"Douglas, Queensland",1
Toyohashi Municipal Hospital,1,Japan,"Toyohashi, Aichi-ken",1
Trakya Universitesi Tip Fakultesi,1,Turkey (Türkiye),"Edirne, Turkey (Türkiye)",1
Tranquil Clinical Research,1,United States,"Webster, Texas",1
Translation Research in Oncology,1,United States,"Torrance, California",1
TriStar Bone Marrow Transplant,1,United States,"Nashville, Tennessee",1
TriStar Centennial Medical Center,1,United States,"Nashville, Tennessee",1
TriStar Centennial Medical center,1,United States,"Nashville, Tennessee",1
Trillium Health Partners,1,Canada,"Mississauga, Ontario",1
Trinity Cancer Care Center,1,United States,"Minot, North Dakota",1
Trinity Health St. Joseph Mercy Ann Arbor,1,United States,"Ypsilanti, Michigan",1
Trinity Medical Center,1,United States,"Moline, Illinois",1
Truman Medical Center,1,United States,"Kansas City, Missouri",1
Tufts Medical Center,1,United States,"Boston, Massachusetts",1
UAMS Winthrop P. Rockefeller Cancer Institute,1,United States,"Little Rock, Arkansas",1
UC San Diego McGrath Outpatient Pavilion,1,United States,"San Diego, California",1
UCD School of Medicine Beacon Hospital,1,Ireland,"Dublin, Ireland",1
UCHealth,1,United States,"Denver, Colorado",1
UCHealth Memorial Hospital,1,United States,"Colorado Springs, Colorado",1
UCHealth Sue Anschutz,1,United States,"Aurora, Colorado",1
UCI Health,1,United States,"Irvine, California",1
UCL Namur University Hospital,1,Belgium,"Namur, Belgium",1
UChicago Medicine,1,United States,"Chicago, Illinois",2
UChicago Medicine Ingalls Memorial,1,United States,"Harvey, Illinois",1
UChicago Medicine Northwest Indiana,1,United States,"Crown Point, Indiana",1
UChicago Medicine at Ingalls,1,United States,"Flossmoor, Illinois",2
UF Health Cancer Institute,1,United States,"Gainesville, Florida",1
UGC Farmacia Ensayos clinicos,1,Spain,"Jerez de la Frontera, Spain",1
UK Markey Cancer Center,1,United States,"Lexington, Kentucky",1
UM Capital Region Medical Center,1,United States,"Largo, Maryland",1
UM Upper Chesapeake Hematology and Oncology,1,United States,"Aberdeen, Maryland",1
UMCG,1,Netherlands,"Groningen, Netherlands",1
UMCU,1,Netherlands,"Utrecht, Netherlands",1
UMHAT Multiprofile Hospital for Active Treatment Sveta Marina,1,Bulgaria,"Varna, Bulgaria",1
UNC Health,1,United States,"Chapel Hill, North Carolina",1
UNIDADE LOCAL DE SAUDE DE MATOSINHOS,1,Portugal,"Matosinhos Municipality, Porto District",1
UOC Fase I,1,Italy,"Roma, Italy",1
UOC Oncoematologia AOU Luigi Vanvitelli,1,Italy,"Naples, Italy",1
UOC Oncologia,1,Italy,"Bologna, Italy",1
UPMC Hamot,1,United States,"Erie, Pennsylvania",1
UPMC Pinnacle Harrisburg,1,United States,"Harrisburg, Pennsylvania",1
UPMC Uniontown Hospital Radiation Oncology,1,United States,"Uniontown, Pennsylvania",1
UPMC Washington Hospital Radiation Oncology,1,United States,"Washington, Pennsylvania",1
US Oncology Research LLC,1,United States,"Nashville, Tennessee",1
USC Norris Cancer Center,1,United States,"Los Angeles, California",1
USO,1,United States,"Nashville, Tennessee",1
USOR,1,United States,"Eugene, Oregon",2
USP Instituto Universitario Dexeus,1,Spain,"Barcelona, Spain",1
UT Health East Texas HOPE Cancer Center,1,United States,"Tyler, Texas",1
UT Health East Texas Hope Cancer Center,1,United States,"Tyler, Texas",1
UT Health San Antonio,1,United States,"San Antonio, Texas",1
UT Southwest Simmons Cancer Center,1,United States,"Dallas, Texas",1
UVA Health Cancer Care Pantops,1,United States,"Charlottesville, Virginia",1
UVA Health Fontaine Research Park,1,United States,"Charlottesville, Virginia",1
UZA,1,Belgium,"Edegem, Belgium",1
Ukrainian Center of Tomotherapy,1,Ukraine,"Kropyvnytskyi, Kirovohrad Oblast",1
Uludag University Medical Faculty,1,Turkey (Türkiye),"Bursa, Turkey (Türkiye)",1
Unidad Médica Onco,1,Mexico,"Puebla City, Mexico",1
Unidade Local de Saude Gaia,1,Portugal,"Vila Nova de Gaia, Porto District",1
Unidade Local de Saude Sao Joao,1,Portugal,"Porto, Portugal",1
Unidade Local de Saúde Santa Maria,1,Portugal,"Lisbon, Portugal",1
Unidade Local de Saúde de Braga,1,Portugal,"Braga, Portugal",1
Unidade Local de Saúde de Coimbra,1,Portugal,"Coimbra, Portugal",1
Unidade Local de Saúde de Gaia,1,Portugal,"Vila Nova de Gaia, Portugal",1
Unidade Local de Saúde de Santa Maria,1,Portugal,"Lisbon, Portugal",1
Uniklinik RWTH Aachen Medizinische Klinik IV,1,Germany,"Aachen, Germany",1
Union Hospital Tongji Medical College Huzhong University of Science and Techology,1,China,"Wuhan, Hubei",1
Union Hospital Tongji Medical College， Huazhong University of Science and Technology,1,China,"Wuhan, Hubei",1
Union Hospital medical college Huazhong University of Science and Technology,1,China,"Wuhan, Hubei",1
Union hospital Tongji Medical college Huazhong university of science and technology,1,China,"Wuhan, Hubei",1
Unità Operativa di Oncologia Medica 2,1,Italy,"Genova, Italy",1
Unità di Chirurgia Toracica Oncologica,1,Italy,"Candiolo, Torino",1
Univ. of TX Southwestern Medical Center,1,United States,"Dallas, Texas",1
Universal Clinic Oberig,1,Ukraine,"Kyiv, Ukraine",1
Universita Campus Bio,1,Italy,"Roma, Italy",1
Universita di Siena,1,Italy,"Siena, Italy",1
Universita di Verona,1,Italy,"Verona, Italy",1
Universitaet zu Koeln,1,Germany,"Cologne, Germany",1
UniversitaetsklInikum Tuebingen,1,Germany,"Tübingen, Baden-Wurttemberg",1
Universitaetsklinik Tuebingen,1,Germany,"Tübingen, Baden-Wurttemberg",1
Universitaetsklinik fuer Innere Medizin V Innsbruck,1,Austria,"Innsbruck, Austria",1
Universitaetsklinikum Essen West German Cancer Center,1,Germany,"Essen, Germany",1
Universitaetsklinikum Frankfurt,1,Germany,"Frankfurt am Main, Hesse",1
Universitaetsklinikum Freiburg,1,Germany,"Freiburg im Breisgau, Baden-Wurttemberg",1
Universitaetsklinikum Giessen,1,Germany,"Giessen, Hesse",1
Universitaetsklinikum Giessen und Marburg GmbH,1,Germany,"Giessen, Germany",1
Universitaetsklinikum Hamburg,1,Germany,"Hamburg, Germany",1
Universitaetsklinikum Koeln,1,Germany,"Cologne, North Rhine-Westphalia",1
Universitaetsklinikum Ulm,1,Germany,"Ulm, Baden-Wurttemberg",1
Universitaetsmedizin Mannheim,1,Germany,"Manheim, Germany",1
Universitair Ziekenhuis Antwerpen,1,Belgium,"Edegem, Antwerpen",1
Universitair Ziekenhuis Gent,1,Belgium,"Ghent, Belgium",1
Universitat de Valencia,1,Spain,"Valencia, Spain",1
Universitatsklinikum Frankfurt,1,Germany,"Frankfurt, Germany",1
Universitatsklinikum Jena,1,Germany,"Jena, Thuringia",1
Universitatsklinikum Mannheim,1,Germany,"Mannheim, Baden-Wurttemberg",1
Universitatsmedizin Mainz,1,Germany,"Essen, Germany",1
University Cancer Specialists,1,United States,"Alcoa, Tennessee",1
University Clinical Center Kragujevac,1,Serbia,"Kragujevac, Sumadijski Okrug",1
University Clinical Center Nis,1,Serbia,"Niš, Nisavski Okrug",1
University Clinical Center Serbia,1,Serbia,"Belgrade, Beograd",1
University College Hospital,1,United Kingdom,"London, United Kingdom",1
University College Hospital Galway,1,Ireland,"Galway, Co Galway",1
University College Hospital London,1,United Kingdom,"London, United Kingdom",1
University College London Hospitals,1,United Kingdom,"London, United Kingdom",1
University College London Hospitals NHS Foundation Trust,1,United Kingdom,"London, United Kingdom",1
University General Hospital ''Attikon'',1,Greece,"Chaïdári, Attica",1
University General Hospital of Alexandroupoli,1,Greece,"Alexandroupoli, East Macedonia and Thrace",1
University General Hospital of Herakleion,1,Greece,"Heraklion, Irakleio",1
University Hospital A Coruña Biomedical Research Institute,1,Spain,"A Coruña, Spain",1
University Hospital Basel,1,Switzerland,"Basel, Switzerland",1
University Hospital Birmingham NHS Trust,1,United Kingdom,"Birmingham, West Midlands",1
University Hospital Cleveland Medical Center,1,United States,"Cleveland, Ohio",1
University Hospital Coventry,1,United Kingdom,"Coventry, United Kingdom",1
University Hospital Frankfurt,1,Germany,"Frankfurt, Germany",1
University Hospital Giessen,1,Germany,"Giessen, Germany",1
University Hospital Lausanne CHUV,1,Switzerland,"Lausanne, Switzerland",1
University Hospital Salzburg,1,Austria,"Salzburg, Austria",1
University Hospital at Stony Brook,1,United States,"Stony Brook, New York",1
University Hospital of Geneva,1,Switzerland,"Geneva, Switzerland",1
University Hospital of Heidelberg,1,Germany,"Heidelberg, Germany",1
University Hospital of Patras,1,Greece,"Pátrai, Achaḯa",1
University Hospitals Portage Medical Center,1,United States,"Ravenna, Ohio",1
University Hospitals Seidman Cancer Center,1,United States,"Cleveland, Ohio",1
University Medical Center,1,United States,"Louisville, Kentucky",1
University Medical Center Utrecht,1,Netherlands,"Utrecht, Netherlands",1
University Medical Center of Johannes Gutenberg,1,Germany,"Mainz, Germany",1
"University Multidisciplinary Hospital for Active Treatment ""St. Ekaterina""",1,Bulgaria,"Sofia, Bulgaria",1
"University Multiprofile Hospital for Active Treatment ""Tsaritsa Yoanna",1,Bulgaria,"Sofia, Bulgaria",1
University Multiprofile Hospital for Active Treatment Sofiamed,1,Bulgaria,"Sofiya, Sofia",1
University Of Nebraska Medical Center,1,United States,"Omaha, Nebraska",1
University of California,1,United States,"Orange, California",1
University of California at San Francisco,1,United States,"San Francisco, California",1
University of Indiana,1,United States,"Indianapolis, Indiana",1
University of Iowa Healthcare Cancer Services Quad Cities,1,United States,"Bettendorf, Iowa",1
University of Iowa Hospital and Clinics,1,United States,"Iowa City, Iowa",1
University of Iowa Hospitals & Clinics PARENT,1,United States,"Iowa City, Iowa",1
University of Iowa Hospitals and Clinics,1,United States,"Iowa City, Iowa",1
University of Kansas,1,United States,"Westwood, Kansas",1
University of Kansas Hospital Cambridge North Tower A,1,United States,"Kansas City, Kansas",1
University of Kansas Medical Center Research Institute,1,United States,"Kansas City, Kansas",1
University of Maryland Greenebaum Comprehensive Cancer Center,1,United States,"Baltimore, Maryland",1
University of Maryland Medical Center,1,United States,"Baltimore, Maryland",1
University of Massachusetts Chan Medical School,1,United States,"Worcester, Massachusetts",1
University of Massachusetts Memorial Medical Center,1,United States,"Worcester, Massachusetts",1
University of Minnesota,1,United States,"Minneapolis, Minnesota",1
University of Minnesota Masonic Cancer Center,1,United States,"Minneapolis, Minnesota",1
University of Nebraska Medical Center Buffet Cancer Center,1,United States,"Omaha, Nebraska",1
University of New Mexico,1,United States,"Albuquerque, New Mexico",1
University of Oklahoma Health Science Center,1,United States,"Oklahoma City, Oklahoma",1
University of Perugia,1,Italy,"Perugia, Italy",1
University of Pittsburg Medical Center,1,United States,"Pittsburgh, Pennsylvania",1
University of Rochester Medical Center,1,United States,"Rochester, New York",1
University of San Francisco,1,United States,"San Francisco, California",1
University of South Alabama,1,United States,"Mobile, Alabama",1
University of South Alabama Mitchell Cancer Institute,1,United States,"Mobile, Alabama",1
University of Southern Denmark,1,Denmark,"Odense, Denmark",1
University of Tennessee Medical Center Knoxville,1,United States,"Knoxville, Tennessee",1
University of Texas M.D. Anderson Cancer Center,1,United States,"Houston, Texas",1
University of Toledo,1,United States,"Toledo, Ohio",1
University of Utah,1,United States,"Salt Lake City, Utah",1
University of Virginia Health System,1,United States,"Charlottesville, Virginia",1
University of Washington Fred Hutchinson,1,United States,"Seattle, Washington",1
University of Windsor,1,Canada,"Windsor, Ontario",1
UniversitätsSpital Zürich,1,Switzerland,"Zurich, Switzerland",1
Universitätsklinik Köln,1,Germany,"Cologne, Germany",1
Universitätsklinikum Aachen,1,Germany,"Aachen, North Rhine-Westphalia",1
Universitätsklinikum Augsburg,1,Germany,"Augsburg, Bavaria",1
Universitätsklinikum Carl Gustav Carus Dresden,1,Germany,"Dresden, Germany",1
Universitätsklinikum Carl Gustav Carus TU Dresden,1,Germany,"Dresden, Germany",1
Universitätsklinikum Erlangen,1,Germany,"Erlangen, Germany",1
Universitätsklinikum Freiburg,1,Germany,"Freiburg im Breisgau, Germany",1
Universitätsklinikum Gießen und Marburg,1,Germany,"Homburg, Saarland",1
Universitätsklinikum Halle,1,Germany,"Halle, Saxony-Anhalt",1
Universitätsklinikum Hamburg,1,Germany,"Hamburg, Germany",1
Universitätsklinikum Heidelberg,1,Germany,"Heidelberg, Germany",1
Universitätsklinikum Jena,1,Germany,"Jena, Thuringia",1
Universitätsklinikum Leipzig,1,Germany,"Leipzig, Saxony",1
Universitätsklinikum Marburg,1,Germany,"Marburg, Hesse",1
Universitätsklinikum St. Pölten,1,Austria,"Sankt Pölten, Austria",1
Universitätsklinikum Ulm,1,Germany,"Ulm, Germany",1
Universitätsmedizin Göttingen,1,Germany,"Göttingen, Germany",1
Universitätsmedizin Johannes Gutenberg Universität Mainz,1,Germany,"Mainz, Rhineland-Palatinate",1
Universitätsmedizin der Johannes Gutenberg,1,Germany,"Mainz, Germany",1
Universtitaetsklinikum Essen,1,Germany,"Nordrhein Westfalen, Germany",1
Univerzitna nemocnica Bratislava,1,Slovakia,"Bratislava, Slovakia",1
Uniwersytecki Szpital Kliniczny,1,Poland,"Poznan, Poland",1
Uniwersytecki Szpital Kliniczny w Bialymstoku,1,Poland,"Bialystok, Podlaskie Voivodeship",1
Uniwersytecki Szpital Kliniczny w Białymstoku,1,Poland,"Bialystok, Podlaskie Voivodeship",1
Uniwersytecki Szpital Kliniczny w Poznaniu Oddzial Chemioterapii,1,Poland,"Poznan, Poland",1
Uniwersyteckie Centrum Kliniczne im. prof. K.Gibinskiego SUM w Katowicach,1,Poland,"Katowice, Poland",1
Uniwersyteckie Centrum Kliniczne w Gdańsku,1,Poland,"Gdansk, Pomeranian Voivodeship",1
UofL Health Brown Cancer Center,1,United States,"Louisville, Kentucky",1
Upmc Hillman Cancer Center,1,United States,"Pittsburgh, Pennsylvania",1
Utah Cancer Specialists,1,United States,"Salt Lake City, Utah",1
Utah Valley Regional Medical Center,1,United States,"Provo, Utah",1
VA Boston Healthcare System Jamaica Plain Campus,1,United States,"Boston, Massachusetts",1
VA Central Office,1,United States,"Washington D.C., District of Columbia",1
VA Connecticut Healthcare System West Haven Campus,1,United States,"West Haven, Connecticut",1
VA Greater Los Angeles Healthcare System,1,United States,"West Los Angeles, California",1
VA Medical Center,1,United States,"Fresno, California",1
VA Palo Alto,1,United States,"Palo Alto, California",1
VA Pittsburgh Healthcare System University Drive Division,1,United States,"Pittsburgh, Pennsylvania",1
VCU Health Adult Outpatient Pavillion,1,United States,"Richmond, Virginia",1
VCU Health Tappahannock Hospital,1,United States,"Tappahannock, Virginia",1
VCU Massey Cancer Center,1,United States,"Richmond, Virginia",1
VK&K Studien GbR,1,Germany,"Landshut, Bavaria",1
Vajira Hospital,1,Thailand,"Dusit, Thailand",1
Vall D Hebron Institute Of Oncology,1,Spain,"Barcelona, Spain",1
Vall d'Hebron Institute of Oncology,1,Spain,"Barcelona, Spain",1
Vancouver Coastal Health,1,Canada,"North Vancouver, British Columbia",1
Vencer Centro de Pesquisa LTDA,1,Brazil,"Teresina, Piauí",1
Venkateshwar Hospital,1,India,"New Delhi, National Capital Territory of Delhi",1
Vestre Viken Health Trust,1,Norway,"Drammen, Akershus",1
Veterans Administration Medical Center,1,United States,"Birmingham, Alabama",1
Veterans Affairs Palo Alto Health Care System,1,United States,"Palo Alto, California",1
Veterans Memorial Medical Center,1,Philippines,"Quezon City, National Capital Region",1
Vienna General Hospital,1,Austria,"Vienna, Austria",1
Vilnius University Hospital Santaros Clinics Affiliate,1,Lithuania,"Vilnius, Lithuania",1
Virginia Cancer Specialists PC,1,United States,"Fairfax, Virginia",1
Virginia Oncology Associates,1,United States,"Norfolk, Virginia",1
Virgnia Cancer Specialists,1,United States,"Leesburg, Virginia",1
Virtua Memorial,1,United States,"Mount Holly, New Jersey",1
Vista Oncology,1,United States,"Olympia, Washington",1
Vivantes Auguste,1,Germany,"Berlin, Germany",1
Vivantes Humboldt Klinikum Apotheke Nord,1,Germany,"Berlin, Germany",1
Vivantes Klinikum Neukölln,1,Germany,"Berlin, Germany",1
Volyn Regional Clinical Hospital,1,Ukraine,"Lutsk, Volyn Oblast",1
Vychodoslovensky Onkologicky Ustav a.s,1,Slovakia,"Košice, Košice Region",1
Vychodoslovensky Onkologicky ustav a.s,1,Slovakia,"Košice, Košice Region",1
WCHN Norwalk Hospital,1,United States,"Norwalk, Connecticut",1
WMCHealth Advanced Physician Services,1,United States,"Hawthorne, New York",1
Waikato Hospital,1,New Zealand,"Hamilton, Waikato Region",1
WakeMed Health & Hospitals,1,United States,"Cary, North Carolina",1
WakeMed Raleigh Campus,1,United States,"Raleigh, North Carolina",1
Walter Reed National Military Medical Center,1,United States,"Bethesda, Maryland",1
Washington Cancer Institute at MedStar Washington Hospital Center,1,United States,"Washington D.C., District of Columbia",1
Washington DC Veterans Affairs Medical Center,1,United States,"Washington D.C., District of Columbia",1
Washington Health,1,United States,"Fremont, California",1
Washington Hospital,1,United States,"Fremont, California",1
Waterloo Regional Health Network,1,Canada,"Kitchener, Ontario",1
Wayne Memorial Hospital,1,United States,"Goldsboro, North Carolina",1
Weifang People's Hospital,1,China,"Weifang, Shandong",1
Weifang people's Hospital,1,China,"Weifang, Shandong",1
Weihai Municipal Hospital,1,China,"Weihai, Shandong",1
Weill Cornell,1,United States,"New York, New York",1
Weill Medical College of Cornell University,1,United States,"New York, New York",1
WellSpan York Cancer Center,1,United States,"York, Pennsylvania",1
Wellmont Holston Valley Hospital and Medical Center,1,United States,"Kingsport, Tennessee",1
West German Cancer Center,1,Germany,"Essen, Germany",1
West Virginia University,1,United States,"Morgantown, West Virginia",1
Western Health,1,Australia,"St Albans, Victoria",1
Western Health Sunshine Hospital,1,Australia,"St Albans, Australia",1
Western Regional Medical Center,1,United States,"Goodyear, Arizona",1
Wielkopolskie Centrum Pulmonologii i Torakochirurgii im. Eugenii i Janusza Zeyla,1,Poland,"Poznan, Greater Poland Voivodeship",1
Wielkopolskie Centrum Pulmonologii i Torakochirurgii im. Eugenii i Janusza Zeylandow,1,Poland,"Poznan, Poland",1
Wielkopolskie Centrum Pulmonologii i Torakochirurgii im. Eugenii i Janusza Zeylandów,1,Poland,"Poznan, Greater Poland Voivodeship",1
Wiener Gesundheitsverbund,1,Austria,"Vienna, Austria",1
Wilmot Cancer Center at Batavia,1,United States,"Batavia, New York",1
Wilmot Cancer Institute Radiation Oncology at Greece,1,United States,"Rochester, New York",1
Windsor Regional Hospital Cancer Program,1,Canada,"Windsor, Ontario",1
Wisconsin Institute for Medical Research,1,United States,"Madison, Wisconsin",1
Wits Clinical Research,1,South Africa,"Johannesburg, Gauteng",1
Wojewodzki Szpital Im. SW. Ojca Pio W Przemyslu,1,Poland,"Rzeszów, Poland",1
Wojewodzki Szpital Specjalistyczny im. sw. Rafala w Czerwonej Gorze,1,Poland,"Chęciny, Świętokrzyskie Voivodeship",1
Wojewodzki Szpital Zespolony im Ludwika Rydygiera w Toruniu,1,Poland,"Torun, Kuyavian-Pomeranian Voivodeship",1
Wollongong Hospital,1,Australia,"Wollongong, New South Wales",1
Women & Infants Hospital,1,United States,"Providence, Rhode Island",1
Women's Cancer Care,1,United States,"Covington, Louisiana",1
Women's Cancer Center of Nevada,1,United States,"Las Vegas, Nevada",1
Women's hospital school of medicine Zhejiang University,1,China,"Hangzhou, Zhejiang",1
Wonju Severance Christian Hospital,1,South Korea,"Wŏnju, Kang-won-do",1
Woodlands Radiology,1,United States,"The Woodlands, Texas",1
Wright,1,United States,"Wright-Patterson Air Force Base, Ohio",1
Wuhan TongJi Hospital,1,China,"Wuhan, Hubei",1
Wuhan Union Hospital of China,1,China,"Wuhan, Hubei",1
Wythenshawe Hospital,1,United Kingdom,"Manchester, United Kingdom",1
XCancer Omaha,1,United States,"Omaha, Nebraska",1
XCancer Research Network,1,United States,"Dothan, Alabama",1
Xiangya 3rd Hospital,1,China,"Changsha, Hunan",1
Xiangya Hospital Central South Univesity,1,China,"Changsha, Hunan",1
Xinjiang Medical University Cancer Hospital,1,China,"Ürümqi, Xinjiang",1
Xuanwu Hospital Capital Medical University,1,China,"Beijing, Beijing Municipality",1
Xuchang Central Hospital,1,China,"Xuchang, Henan",1
Xuzhou Cancer Hospital,1,China,"Xuzhou, Jiangsu",1
YUMA REGIONAL MEDICAL CENTER CANCER CENTER,1,United States,"Yuma, Arizona",1
Yamaguchi,1,Japan,"Ube-shi, Yamaguchi",1
Yantai Yuhuangding Hospital,1,China,"Yantai, Shangdong",1
Yashoda Hospitals,1,India,"Hyderabad, Telangana",1
Yenepoya Medical College Hospital,1,India,"Mangalore, India",1
Yeungnam University Hospital,1,South Korea,"Daegu, Taegu-Kwangyokshi",1
Yichang Central People's Hospital,1,China,"Yichang, Hubei",1
Yijishan Hospital,1,China,"Wuhu, China",1
Yonsei University College of Medicine,1,South Korea,"Seoul, South Korea",1
Yuebei People's Hospital,1,China,"Guangdong, Shaoguan",1
Yulin First People's Hospital,1,China,"Yulin, Guangxi",1
ZAS Augustinus,1,Belgium,"Wilrijk, Antwerpen",1
ZIV Medical Center,1,Israel,"Safed, Northern District",1
Zanamed Medical Clinic Sp. z o.o,1,Poland,"Lublin, Poland",1
Zangmeister Center Grove City,1,United States,"Grove City, Ohio",1
Zentralklinik Bad Berka,1,Germany,"Bad Berka, Thuringia",1
Zentralklinik Bad Berka GmbH,1,Germany,"Bad Berka, Germany",1
Zhangzhou Municipal Hospital of Fujian Province,1,China,"Zhangzhou, Fujian",1
Zhejiang Cancer hospital,1,China,"Hangzhou, Zhejiang",1
Zhejiang Caner Hospital,1,China,"Hangzhou, Zhejiang",1
Zhejiang Medical University,1,China,"Hangzhou, China",1
Zhejiang Provincial Cancer,1,China,"Hangzhou, Zhejiang",1
Zhejiang Provincial Hospital of Chinese Medicine,1,China,"Hangzhou, China",1
Zhejiang Provincial Oncology Hospital,1,China,"Hangzhou, Zhejiang",1
Zhejiang University,1,China,"Hangzhou, Zhejiang",1
Zhejiang cancer hospital,1,China,"Hangzhou, Zhejiang",1
Zhongnan hospital of Wuhan University,1,China,"Wuhan, Hubei",1
Zhongshan City People's Hospital,1,China,"Zhongshan, China",1
Zhongshan Hospital Affiliated to Xiamen University,1,China,"Xiamen, Fujian",1
Zhongshan Hospital affiliated to Fudan University,1,China,"Shanghai, Shanghai Municipality",1
Zhu Jiang Hospital of Southern Medical University,1,China,"Guangzhou, China",1
Zhujiang Hospital of Southem Medical University,1,China,"Guangzhou, Guangdong",1
Zhuzhou Central Hospital,1,China,"Zhuzhou, China",1
Zhytomyr Regional Oncology Center,1,Ukraine,"Zhytomyr, Zhytomyr Oblast",1
Zibo Central hospital,1,China,"Zibo, Shandong",1
Ziekenhuis Gelderse Vallei,1,Netherlands,"Ede, Gelderland",1
Zuckerberg San Francisco General,1,United States,"San Francisco, California",1
lnstitut Curie Pharmacy,1,France,"Paris, France",1
lnstitut Gustave Roussy,1,France,"Villejuif, France",1
lnstitut de Cancérologie de l'Ouest,1,France,"Saint-Herblain, Pays de la Loire Region",1
ospedale le scotte,1,Italy,"Siena, Italy",1
the second affiliated hospital of Army medical university,1,China,"Chongqing, Chongqing Municipality",1
zhang Zhenfeng,1,China,"Guangzhou, Guangdong",1
Østfold Hopsital,1,Norway,"Grålum, Akershus",1
İ.A.Ü VM Medical Park Florya Hastanesi,1,Turkey (Türkiye),"Istanbul, İ̇stanbul",1
İstinye Üniversitesi Liv Hospital,1,Turkey (Türkiye),"Istanbul, Turkey (Türkiye)",1
